question_idx,framework,em,f1,total_tokens
4373,react,0.0,0.0,2002
4411,react,1.0,1.0,2143
7752,react,1.0,1.0,10774
2078,react,0.0,0.0,2068
7777,react,1.0,1.0,1981
7398,react,1.0,1.0,2059
2021,react,1.0,1.0,3058
8755,react,0.0,0.0,7917
4242,react,0.0,0.0,3130
5880,react,1.0,1.0,6051
4795,react,1.0,1.0,2077
9500,react,1.0,1.0,2007
344,react,0.0,0.0,3059
2194,react,0.0,0.0,9448
3125,react,1.0,1.0,3168
7350,react,0.0,0.0,2067
4187,react,1.0,1.0,1936
1564,react,1.0,1.0,3014
8501,react,1.0,1.0,2028
7826,react,1.0,1.0,5966
2634,react,1.0,1.0,2091
6223,react,1.0,1.0,2154
2939,react,1.0,1.0,5800
7736,react,0.0,0.0,6495
6431,react,0.0,0.0,3116
8853,react,1.0,1.0,3232
8292,react,1.0,1.0,2050
4922,react,1.0,1.0,3052
9578,react,1.0,1.0,2080
6280,react,1.0,1.0,6113
5545,react,0.0,0.0,3294
8144,react,0.0,0.0,2011
9250,react,0.0,0.0,7202
2632,react,1.0,1.0,2028
1652,react,1.0,1.0,3232
234,react,0.0,0.0,4390
5535,react,1.0,1.0,2046
2432,react,0.0,0.0,7596
3854,react,1.0,1.0,2250
9696,react,1.0,1.0,3213
1950,react,0.0,0.0,2053
342,react,1.0,1.0,3029
6116,react,0.0,0.0,7567
6266,react,1.0,1.0,3068
6686,react,0.0,0.0,4189
4877,react,0.0,0.0,6861
705,react,1.0,1.0,2154
6245,react,1.0,1.0,2046
2278,react,0.0,0.0,3202
8642,react,1.0,1.0,1941
644,react,0.0,0.0,5867
2850,react,1.0,1.0,2020
5903,react,0.0,0.0,9441
150,react,0.0,0.0,2064
7976,react,0.0,0.0,4614
867,react,1.0,1.0,5642
6248,react,1.0,1.0,2069
8712,react,1.0,1.0,1991
4260,react,0.0,0.0,2055
4562,react,1.0,1.0,1977
441,react,1.0,1.0,3247
1019,react,1.0,1.0,2002
4950,react,1.0,1.0,2012
7521,react,1.0,1.0,2041
4312,react,1.0,1.0,2042
294,react,1.0,1.0,2007
1613,react,1.0,1.0,2040
5524,react,0.0,0.0,1979
9836,react,1.0,1.0,1983
7088,react,1.0,1.0,2074
1413,react,1.0,1.0,2053
6656,react,1.0,1.0,3226
9954,react,0.0,0.0,9534
9131,react,0.0,0.0,3176
5917,react,1.0,1.0,5952
6853,react,0.0,0.0,6738
7884,react,1.0,1.0,1893
1068,react,0.0,0.0,2032
470,react,0.0,0.0,3369
4007,react,1.0,1.0,2020
9761,react,0.0,0.0,2030
2114,react,1.0,1.0,2007
8199,react,1.0,1.0,3273
3905,react,1.0,1.0,8983
4218,react,1.0,1.0,2170
2019,react,1.0,1.0,2115
7525,react,1.0,1.0,4827
3148,react,0.0,0.0,9541
1924,react,0.0,0.0,2066
4921,react,1.0,1.0,2007
4410,react,1.0,1.0,3191
2778,react,1.0,1.0,1936
7732,react,1.0,1.0,2049
3121,react,1.0,1.0,1996
8565,react,0.0,0.0,2006
5516,react,0.0,0.0,2054
6857,react,0.0,0.0,2004
4508,react,1.0,1.0,1904
4025,react,1.0,1.0,1904
6521,react,0.0,0.0,2030
9396,react,1.0,1.0,1986
7968,react,0.0,0.0,6474
3,react,0.0,0.0,1980
1495,react,0.0,0.0,6353
7554,react,1.0,1.0,2029
8074,react,0.0,0.0,10488
2324,react,1.0,1.0,1995
2406,react,1.0,1.0,1954
699,react,0.0,0.0,4559
5805,react,0.0,0.0,9252
9070,react,1.0,1.0,2025
2168,react,1.0,1.0,3597
4086,react,1.0,1.0,2109
8586,react,0.0,0.0,7530
3675,react,1.0,1.0,4318
7916,react,1.0,1.0,2094
7103,react,1.0,1.0,2029
4079,react,0.0,0.0,2018
1857,react,1.0,1.0,1992
3351,react,0.0,0.0,6002
9800,react,0.0,0.0,10618
2693,react,1.0,1.0,3159
2119,react,0.0,0.0,2136
44,react,1.0,1.0,6448
4452,react,1.0,1.0,2030
9903,react,0.0,0.0,2021
2548,react,0.0,0.0,2150
8675,react,0.0,0.0,2038
7355,react,1.0,1.0,2073
4326,react,1.0,1.0,3018
3691,react,1.0,1.0,1982
3568,react,0.0,0.0,2023
762,react,1.0,1.0,2017
2492,react,0.0,0.0,3411
9445,react,1.0,1.0,3067
7187,react,0.0,0.0,5942
8129,react,1.0,1.0,2067
6454,react,1.0,1.0,1975
6886,react,1.0,1.0,2042
1023,react,0.0,0.0,4933
9981,react,1.0,1.0,2009
8921,react,1.0,1.0,2058
7674,react,1.0,1.0,3164
2073,react,0.0,0.0,8947
6466,react,0.0,0.0,2185
6455,react,1.0,1.0,6232
8956,react,0.0,0.0,1990
3445,react,1.0,1.0,2263
380,react,0.0,0.0,2120
3018,react,1.0,1.0,2071
5620,react,1.0,1.0,3202
9889,react,0.0,0.0,2005
5798,react,1.0,1.0,2113
6458,react,1.0,1.0,1973
9581,react,0.0,0.0,9810
4608,react,1.0,1.0,3166
225,react,1.0,1.0,1973
3655,react,0.0,0.0,5771
3831,react,1.0,1.0,1971
1205,react,1.0,1.0,2037
5373,react,0.0,0.0,8188
2350,react,1.0,1.0,3041
5728,react,0.0,0.0,1997
1994,react,0.0,0.0,2020
7409,react,0.0,0.0,1965
2657,react,1.0,1.0,1982
8960,react,1.0,1.0,3079
8632,react,1.0,1.0,2085
1789,react,1.0,1.0,3092
8370,react,1.0,1.0,2004
9965,react,0.0,0.0,5162
1065,react,1.0,1.0,3287
81,react,0.0,0.0,2025
3581,react,1.0,1.0,2003
4226,react,1.0,1.0,8113
9322,react,1.0,1.0,2090
8303,react,1.0,1.0,5926
6932,react,0.0,0.0,2060
9498,react,1.0,1.0,1854
5381,react,1.0,1.0,2019
4080,react,1.0,1.0,1949
9871,react,1.0,1.0,9740
2985,react,1.0,1.0,1926
5364,react,1.0,1.0,2076
120,react,1.0,1.0,2115
9141,react,1.0,1.0,1969
4324,react,0.0,0.0,3254
7309,react,1.0,1.0,1974
1527,react,1.0,1.0,3158
7706,react,1.0,1.0,2321
7453,react,1.0,1.0,3305
6544,react,1.0,1.0,2063
3255,react,1.0,1.0,9419
6047,react,1.0,1.0,2093
8422,react,1.0,1.0,2111
7587,react,1.0,1.0,3054
8275,react,0.0,0.0,1869
9923,react,1.0,1.0,2119
1419,react,0.0,0.0,1960
6066,react,1.0,1.0,2004
9359,react,0.0,0.0,2044
7169,react,1.0,1.0,1955
9109,react,1.0,1.0,3141
905,react,1.0,1.0,4360
4645,react,1.0,1.0,9269
430,react,1.0,1.0,3056
619,react,0.0,0.0,3175
285,react,1.0,1.0,1975
6739,react,1.0,1.0,4386
5493,react,1.0,1.0,1978
8766,react,1.0,1.0,2127
2667,react,0.0,0.0,2109
3750,react,0.0,0.0,2011
5960,react,1.0,1.0,2033
9634,react,0.0,0.0,7630
3667,react,1.0,1.0,2004
8684,react,0.0,0.0,9718
9428,react,0.0,0.0,1942
4805,react,0.0,0.0,2159
7858,react,1.0,1.0,3044
2745,react,1.0,1.0,1945
7236,react,0.0,0.0,10747
5536,react,0.0,0.0,3696
3546,react,1.0,1.0,2110
9454,react,0.0,0.0,2032
193,react,1.0,1.0,3036
4,react,1.0,1.0,1984
6617,react,0.0,0.0,4661
6348,react,1.0,1.0,2014
1399,react,1.0,1.0,3094
527,react,1.0,1.0,2043
5217,react,0.0,0.0,2131
8256,react,0.0,0.0,2056
8100,react,1.0,1.0,2138
8566,react,1.0,1.0,8903
7795,react,1.0,1.0,2022
2594,react,1.0,1.0,3099
9341,react,1.0,1.0,2017
5031,react,0.0,0.0,2129
2692,react,0.0,0.0,7878
9136,react,1.0,1.0,2005
1952,react,0.0,0.0,1941
9769,react,0.0,0.0,3189
4159,react,1.0,1.0,2010
7978,react,1.0,1.0,1957
7365,react,0.0,0.0,1968
6837,react,0.0,0.0,10237
693,react,0.0,0.0,4787
1412,react,1.0,1.0,2016
9337,react,1.0,1.0,3368
558,react,0.0,0.0,1984
5629,react,0.0,0.0,4329
1178,react,1.0,1.0,2454
3026,react,0.0,0.0,5694
5518,react,0.0,0.0,2138
1122,react,1.0,1.0,2018
1347,react,1.0,1.0,1986
8720,react,1.0,1.0,904
3017,react,1.0,1.0,2022
913,react,0.0,0.0,4460
4832,react,0.0,0.0,3168
2570,react,1.0,1.0,1977
1680,react,1.0,1.0,4618
7539,react,1.0,1.0,2041
4328,react,0.0,0.0,1961
7847,react,0.0,0.0,1963
6579,react,1.0,1.0,3074
6331,react,1.0,1.0,1953
5922,react,0.0,0.0,9866
5352,react,0.0,0.0,2002
6447,react,1.0,1.0,3025
9767,react,1.0,1.0,3344
8806,react,1.0,1.0,3343
4027,react,1.0,1.0,1969
1720,react,0.0,0.0,6002
5025,react,0.0,0.0,3081
4062,react,0.0,0.0,1942
3764,react,0.0,0.0,9218
2729,react,1.0,1.0,2084
6165,react,1.0,1.0,1985
1404,react,1.0,1.0,3135
2623,react,1.0,1.0,2086
4099,react,1.0,1.0,10030
754,react,1.0,1.0,10666
825,react,0.0,0.0,4311
1738,react,1.0,1.0,1996
6224,react,1.0,1.0,3378
6535,react,1.0,1.0,4607
7832,react,1.0,1.0,2042
4754,react,1.0,1.0,2005
633,react,0.0,0.0,7546
3823,react,1.0,1.0,8564
6087,react,1.0,1.0,2018
4992,react,1.0,1.0,9342
8661,react,0.0,0.0,2045
5954,react,1.0,1.0,2060
927,react,1.0,1.0,4414
7288,react,0.0,0.0,2070
5166,react,0.0,0.0,6133
818,react,1.0,1.0,3024
9794,react,1.0,1.0,1974
8747,react,1.0,1.0,4719
7196,react,0.0,0.0,1993
9356,react,0.0,0.0,2401
546,react,1.0,1.0,6039
4091,react,1.0,1.0,2056
4384,react,1.0,1.0,1977
3254,react,1.0,1.0,2116
3053,react,1.0,1.0,4521
404,react,1.0,1.0,1896
6611,react,1.0,1.0,2004
8847,react,1.0,1.0,2068
2919,react,0.0,0.0,2181
1167,react,1.0,1.0,3236
8408,react,0.0,0.0,9845
5972,react,0.0,0.0,7704
6036,react,0.0,0.0,2017
5168,react,1.0,1.0,2117
9670,react,1.0,1.0,1931
5006,react,1.0,1.0,4469
4425,react,0.0,0.0,3117
2294,react,0.0,0.0,2097
6464,react,0.0,0.0,8820
8477,react,1.0,1.0,3104
5871,react,1.0,1.0,1956
232,react,1.0,1.0,3216
880,react,1.0,1.0,2127
9476,react,1.0,1.0,2085
7051,react,0.0,0.0,7013
5733,react,1.0,1.0,3542
9370,react,0.0,0.0,3284
8379,react,1.0,1.0,2191
9395,react,1.0,1.0,2089
2576,react,1.0,1.0,2033
3095,react,1.0,1.0,3860
3389,react,0.0,0.0,1935
5501,react,1.0,1.0,2102
7320,react,1.0,1.0,2097
9459,react,1.0,1.0,1990
9174,react,0.0,0.0,3262
6696,react,1.0,1.0,2191
273,react,1.0,1.0,2058
9536,react,1.0,1.0,9244
3550,react,1.0,1.0,2003
2161,react,0.0,0.0,6493
9989,react,1.0,1.0,2016
5555,react,1.0,1.0,1912
6747,react,0.0,0.0,2035
244,react,1.0,1.0,1887
9666,react,1.0,1.0,2083
6849,react,1.0,1.0,3003
5891,react,0.0,0.0,4644
4320,react,1.0,1.0,1956
3804,react,1.0,1.0,4899
5440,react,1.0,1.0,1963
6349,react,1.0,1.0,1939
3015,react,1.0,1.0,2019
6991,react,0.0,0.0,1983
6526,react,1.0,1.0,3080
16,react,1.0,1.0,1989
3306,react,1.0,1.0,3112
4885,react,1.0,1.0,1992
7083,react,0.0,0.0,4608
6971,react,0.0,0.0,2016
4923,react,1.0,1.0,1934
6829,react,1.0,1.0,2004
2186,react,0.0,0.0,2015
2107,react,1.0,1.0,5973
3266,react,1.0,1.0,3018
8571,react,1.0,1.0,1996
846,react,0.0,0.0,10066
7445,react,0.0,0.0,11434
7831,react,0.0,0.0,4924
8350,react,0.0,0.0,2104
5855,react,1.0,1.0,3200
8808,react,1.0,1.0,3056
7423,react,0.0,0.0,10073
9055,react,0.0,0.0,3077
3547,react,0.0,0.0,2141
9409,react,1.0,1.0,2054
7989,react,1.0,1.0,3206
41,react,1.0,1.0,1959
4728,react,0.0,0.0,4587
1594,react,1.0,1.0,1996
669,react,0.0,0.0,2024
3747,react,1.0,1.0,2070
446,react,0.0,0.0,3412
5030,react,1.0,1.0,1977
5161,react,0.0,0.0,2071
259,react,1.0,1.0,3147
2703,react,1.0,1.0,1916
8028,react,0.0,0.0,9555
857,react,1.0,1.0,1959
3604,react,1.0,1.0,3179
3968,react,1.0,1.0,2104
3069,react,1.0,1.0,9760
9503,react,0.0,0.0,1940
1208,react,1.0,1.0,2069
7091,react,1.0,1.0,3067
5552,react,0.0,0.0,3080
9120,react,0.0,0.0,3216
1746,react,1.0,1.0,3170
806,react,1.0,1.0,2129
226,react,0.0,0.0,1991
1552,react,1.0,1.0,1951
6753,react,0.0,0.0,2003
9529,react,0.0,0.0,9157
9202,react,0.0,0.0,10209
7840,react,1.0,1.0,1944
3284,react,0.0,0.0,2016
5579,react,1.0,1.0,3328
5971,react,0.0,0.0,9556
1354,react,1.0,1.0,2040
5816,react,1.0,1.0,9440
7649,react,0.0,0.0,2052
2146,react,1.0,1.0,2019
7842,react,1.0,1.0,2530
906,react,1.0,1.0,2084
4974,react,1.0,1.0,2197
394,react,0.0,0.0,2149
1092,react,0.0,0.0,3123
3169,react,1.0,1.0,2344
1589,react,0.0,0.0,1958
7899,react,0.0,0.0,1981
3603,react,0.0,0.0,2230
6996,react,1.0,1.0,1976
8123,react,1.0,1.0,1959
3817,react,1.0,1.0,1933
5277,react,1.0,1.0,2142
1098,react,1.0,1.0,1995
4369,react,0.0,0.0,8853
1402,react,1.0,1.0,3184
2464,react,0.0,0.0,3335
5090,react,1.0,1.0,2017
8952,react,1.0,1.0,3125
6031,react,1.0,1.0,1990
7440,react,0.0,0.0,1959
7717,react,1.0,1.0,1982
5042,react,0.0,0.0,2013
8075,react,1.0,1.0,3070
1330,react,1.0,1.0,2050
5762,react,1.0,1.0,3068
7069,react,1.0,1.0,9653
2577,react,1.0,1.0,2079
7030,react,1.0,1.0,1956
5163,react,0.0,0.0,4853
4144,react,1.0,1.0,3122
9172,react,1.0,1.0,2072
3641,react,0.0,0.0,3116
292,react,1.0,1.0,2021
9768,react,0.0,0.0,2056
1765,react,1.0,1.0,2133
1726,react,0.0,0.0,9142
7382,react,1.0,1.0,4845
1887,react,1.0,1.0,2074
3047,react,0.0,0.0,888
1936,react,0.0,0.0,2059
3898,react,1.0,1.0,3164
4221,react,1.0,1.0,2057
7822,react,0.0,0.0,5883
5229,react,1.0,1.0,2141
7564,react,0.0,0.0,9003
4993,react,0.0,0.0,3159
1783,react,1.0,1.0,2059
9724,react,1.0,1.0,1962
8772,react,1.0,1.0,2055
3020,react,0.0,0.0,3135
2925,react,0.0,0.0,2074
4125,react,1.0,1.0,2034
8289,react,1.0,1.0,9074
6406,react,1.0,1.0,2063
1139,react,1.0,1.0,2100
4210,react,1.0,1.0,2071
227,react,0.0,0.0,2083
1012,react,1.0,1.0,1974
2639,react,1.0,1.0,2407
8930,react,0.0,0.0,3203
7336,react,0.0,0.0,1968
4790,react,0.0,0.0,3083
6638,react,1.0,1.0,2023
1575,react,0.0,0.0,2039
5343,react,1.0,1.0,3075
2690,react,0.0,0.0,4884
7428,react,1.0,1.0,2056
642,react,1.0,1.0,1965
1941,react,0.0,0.0,2257
9612,react,1.0,1.0,3101
1276,react,0.0,0.0,2163
6111,react,1.0,1.0,2261
1384,react,1.0,1.0,3051
5302,react,1.0,1.0,3195
3370,react,1.0,1.0,3121
5092,react,1.0,1.0,2036
8744,react,1.0,1.0,1992
6798,react,1.0,1.0,2040
609,react,1.0,1.0,9382
8729,react,0.0,0.0,4424
2990,react,1.0,1.0,2062
1615,react,1.0,1.0,1970
5378,react,1.0,1.0,2137
4373,cot_sc,0.0,0.0,9690
4411,cot_sc,1.0,1.0,12606
7752,cot_sc,1.0,1.0,35003
2078,cot_sc,0.0,0.0,10127
7777,cot_sc,1.0,1.0,9670
7398,cot_sc,1.0,1.0,10263
2021,cot_sc,0.0,0.0,13657
8755,cot_sc,0.0,0.0,31633
4242,cot_sc,0.0,0.0,21665
5880,cot_sc,1.0,1.0,20349
4795,cot_sc,1.0,1.0,18348
9500,cot_sc,1.0,1.0,9748
344,cot_sc,0.0,0.0,13884
2194,cot_sc,0.0,0.0,28017
3125,cot_sc,1.0,1.0,13450
7350,cot_sc,0.0,0.0,12844
4187,cot_sc,1.0,1.0,11688
1564,cot_sc,0.0,0.0,13191
8501,cot_sc,1.0,1.0,9916
7826,cot_sc,1.0,1.0,20444
2634,cot_sc,1.0,1.0,11535
6223,cot_sc,1.0,1.0,13502
2939,cot_sc,1.0,1.0,17923
7736,cot_sc,1.0,1.0,33530
6431,cot_sc,0.0,0.0,13499
8853,cot_sc,1.0,1.0,13875
8292,cot_sc,1.0,1.0,10047
4922,cot_sc,1.0,1.0,8941
9578,cot_sc,1.0,1.0,10263
6280,cot_sc,0.0,0.0,22200
5545,cot_sc,1.0,1.0,20564
8144,cot_sc,0.0,0.0,29086
9250,cot_sc,0.0,0.0,21907
2632,cot_sc,1.0,1.0,18017
1652,cot_sc,1.0,1.0,11656
234,cot_sc,0.0,0.0,17234
5535,cot_sc,1.0,1.0,12394
2432,cot_sc,1.0,1.0,15182
3854,cot_sc,1.0,1.0,11179
9696,cot_sc,1.0,1.0,13818
1950,cot_sc,1.0,1.0,14048
342,cot_sc,1.0,1.0,13037
6116,cot_sc,0.0,0.0,31558
6266,cot_sc,1.0,1.0,12058
6686,cot_sc,0.0,0.0,14195
4877,cot_sc,0.0,0.0,18741
705,cot_sc,1.0,1.0,10634
6245,cot_sc,1.0,1.0,9985
2278,cot_sc,0.0,0.0,12510
8642,cot_sc,1.0,1.0,24290
644,cot_sc,1.0,1.0,15417
2850,cot_sc,1.0,1.0,9848
5903,cot_sc,1.0,1.0,27666
150,cot_sc,0.0,0.0,12329
7976,cot_sc,1.0,1.0,29885
867,cot_sc,1.0,1.0,13212
6248,cot_sc,1.0,1.0,10034
8712,cot_sc,1.0,1.0,26402
4260,cot_sc,0.0,0.0,10014
4562,cot_sc,1.0,1.0,9562
441,cot_sc,1.0,1.0,14256
1019,cot_sc,1.0,1.0,9637
4950,cot_sc,1.0,1.0,10897
7521,cot_sc,1.0,1.0,17956
4312,cot_sc,1.0,1.0,9920
294,cot_sc,1.0,1.0,13623
1613,cot_sc,1.0,1.0,9980
5524,cot_sc,0.0,0.0,9573
9836,cot_sc,1.0,1.0,10808
7088,cot_sc,0.0,0.0,23269
1413,cot_sc,1.0,1.0,11150
6656,cot_sc,1.0,1.0,12951
9954,cot_sc,0.0,0.0,26896
9131,cot_sc,0.0,0.0,11194
5917,cot_sc,1.0,1.0,18463
6853,cot_sc,0.0,0.0,29791
7884,cot_sc,1.0,1.0,13972
1068,cot_sc,0.0,0.0,11280
470,cot_sc,0.0,0.0,16148
4007,cot_sc,1.0,1.0,9701
9761,cot_sc,0.0,0.0,9763
2114,cot_sc,1.0,1.0,9730
8199,cot_sc,1.0,1.0,18440
3905,cot_sc,1.0,1.0,31815
4218,cot_sc,1.0,1.0,10850
2019,cot_sc,1.0,1.0,13853
7525,cot_sc,1.0,1.0,20935
3148,cot_sc,0.0,0.0,27268
1924,cot_sc,0.0,0.0,10191
4921,cot_sc,1.0,1.0,9754
4410,cot_sc,1.0,1.0,12253
2778,cot_sc,1.0,1.0,11734
7732,cot_sc,1.0,1.0,11168
3121,cot_sc,1.0,1.0,9672
8565,cot_sc,0.0,0.0,9680
5516,cot_sc,0.0,0.0,9977
6857,cot_sc,0.0,0.0,9670
4508,cot_sc,0.0,0.0,9358
4025,cot_sc,1.0,1.0,9098
6521,cot_sc,0.0,0.0,9723
9396,cot_sc,1.0,1.0,10756
7968,cot_sc,1.0,1.0,21086
3,cot_sc,0.0,0.0,9514
1495,cot_sc,1.0,1.0,9766
7554,cot_sc,1.0,1.0,12284
8074,cot_sc,1.0,1.0,31036
2324,cot_sc,1.0,1.0,9736
2406,cot_sc,1.0,1.0,9378
699,cot_sc,0.0,0.0,21511
5805,cot_sc,1.0,1.0,32211
9070,cot_sc,1.0,1.0,9773
2168,cot_sc,0.0,0.0,38340
4086,cot_sc,1.0,1.0,11539
8586,cot_sc,0.0,0.0,19673
3675,cot_sc,1.0,1.0,19344
7916,cot_sc,1.0,1.0,10141
7103,cot_sc,1.0,1.0,9941
4079,cot_sc,0.0,0.0,11343
1857,cot_sc,1.0,1.0,9580
3351,cot_sc,0.0,0.0,20022
9800,cot_sc,1.0,1.0,28839
2693,cot_sc,1.0,1.0,22664
2119,cot_sc,0.0,0.0,10511
44,cot_sc,1.0,1.0,20120
4452,cot_sc,1.0,1.0,12022
9903,cot_sc,0.0,0.0,9867
2548,cot_sc,0.0,0.0,10629
8675,cot_sc,0.0,0.0,9946
7355,cot_sc,0.0,0.0,23508
4326,cot_sc,1.0,1.0,12971
3691,cot_sc,1.0,1.0,14072
3568,cot_sc,0.0,0.0,12977
762,cot_sc,1.0,1.0,9789
2492,cot_sc,0.0,0.0,28042
9445,cot_sc,1.0,1.0,13386
7187,cot_sc,0.0,0.0,20453
8129,cot_sc,1.0,1.0,12947
6454,cot_sc,1.0,1.0,9375
6886,cot_sc,1.0,1.0,11095
1023,cot_sc,0.0,0.0,19780
9981,cot_sc,1.0,1.0,9941
8921,cot_sc,0.0,0.0,10139
7674,cot_sc,1.0,1.0,13786
2073,cot_sc,0.0,0.0,34717
6466,cot_sc,0.0,0.0,11100
6455,cot_sc,1.0,1.0,32363
8956,cot_sc,0.0,0.0,11269
3445,cot_sc,1.0,1.0,11252
380,cot_sc,0.0,0.0,10423
3018,cot_sc,1.0,1.0,15378
5620,cot_sc,1.0,1.0,10581
9889,cot_sc,0.0,0.0,9664
5798,cot_sc,1.0,1.0,11557
6458,cot_sc,1.0,1.0,9781
9581,cot_sc,0.0,0.0,33044
4608,cot_sc,1.0,1.0,12293
225,cot_sc,1.0,1.0,9430
3655,cot_sc,0.0,0.0,20576
3831,cot_sc,1.0,1.0,9498
1205,cot_sc,1.0,1.0,9939
5373,cot_sc,0.0,0.0,24842
2350,cot_sc,1.0,1.0,10716
5728,cot_sc,0.0,0.0,11939
1994,cot_sc,0.0,0.0,9839
7409,cot_sc,0.0,0.0,12441
2657,cot_sc,1.0,1.0,9759
8960,cot_sc,1.0,1.0,13001
8632,cot_sc,1.0,1.0,10181
1789,cot_sc,0.0,0.0,13276
8370,cot_sc,1.0,1.0,9657
9965,cot_sc,0.0,0.0,24719
1065,cot_sc,1.0,1.0,26212
81,cot_sc,0.0,0.0,9574
3581,cot_sc,1.0,1.0,9626
4226,cot_sc,1.0,1.0,22913
9322,cot_sc,1.0,1.0,10368
8303,cot_sc,1.0,1.0,13731
6932,cot_sc,1.0,1.0,22608
9498,cot_sc,1.0,1.0,12672
5381,cot_sc,1.0,1.0,9702
4080,cot_sc,1.0,1.0,25008
9871,cot_sc,1.0,1.0,29471
2985,cot_sc,1.0,1.0,9191
5364,cot_sc,1.0,1.0,11166
120,cot_sc,1.0,1.0,10345
9141,cot_sc,1.0,1.0,14967
4324,cot_sc,0.0,0.0,11401
7309,cot_sc,1.0,1.0,9615
1527,cot_sc,1.0,1.0,9787
7706,cot_sc,1.0,1.0,11610
7453,cot_sc,1.0,1.0,11980
6544,cot_sc,1.0,1.0,17518
3255,cot_sc,1.0,1.0,16436
6047,cot_sc,1.0,1.0,30859
8422,cot_sc,1.0,1.0,10256
7587,cot_sc,1.0,1.0,11776
8275,cot_sc,0.0,0.0,10872
9923,cot_sc,1.0,1.0,12776
1419,cot_sc,0.0,0.0,9360
6066,cot_sc,1.0,1.0,10926
9359,cot_sc,0.0,0.0,9825
7169,cot_sc,1.0,1.0,9404
9109,cot_sc,1.0,1.0,12693
905,cot_sc,1.0,1.0,14591
4645,cot_sc,1.0,1.0,29944
430,cot_sc,1.0,1.0,10690
619,cot_sc,0.0,0.0,20616
285,cot_sc,1.0,1.0,12726
6739,cot_sc,0.0,0.0,8938
5493,cot_sc,1.0,1.0,11796
8766,cot_sc,1.0,1.0,13897
2667,cot_sc,1.0,1.0,21036
3750,cot_sc,0.0,0.0,16525
5960,cot_sc,1.0,1.0,9938
9634,cot_sc,0.0,0.0,27042
3667,cot_sc,1.0,1.0,9704
8684,cot_sc,0.0,0.0,26382
9428,cot_sc,0.0,0.0,9323
4805,cot_sc,0.0,0.0,13384
7858,cot_sc,1.0,1.0,10799
2745,cot_sc,1.0,1.0,9456
7236,cot_sc,1.0,1.0,26942
5536,cot_sc,0.0,0.0,20081
3546,cot_sc,1.0,1.0,10350
9454,cot_sc,0.0,0.0,9911
193,cot_sc,1.0,1.0,9290
4,cot_sc,1.0,1.0,9560
6617,cot_sc,0.0,0.0,27949
6348,cot_sc,1.0,1.0,9755
1399,cot_sc,1.0,1.0,15580
527,cot_sc,1.0,1.0,9794
5217,cot_sc,0.0,0.0,12163
8256,cot_sc,0.0,0.0,10094
8100,cot_sc,1.0,1.0,13006
8566,cot_sc,0.0,0.0,23248
7795,cot_sc,1.0,1.0,13323
2594,cot_sc,0.0,0.0,12066
9341,cot_sc,1.0,1.0,9826
5031,cot_sc,0.0,0.0,11778
2692,cot_sc,0.0,0.0,35218
9136,cot_sc,1.0,1.0,9664
1952,cot_sc,0.0,0.0,9371
9769,cot_sc,0.0,0.0,11135
4159,cot_sc,1.0,1.0,9739
7978,cot_sc,1.0,1.0,9408
7365,cot_sc,0.0,0.0,16289
6837,cot_sc,0.0,0.0,35705
693,cot_sc,0.0,0.0,26300
1412,cot_sc,1.0,1.0,10897
9337,cot_sc,1.0,1.0,14665
558,cot_sc,0.0,0.0,9626
5629,cot_sc,0.0,0.0,31099
1178,cot_sc,1.0,1.0,16468
3026,cot_sc,0.0,0.0,19462
5518,cot_sc,0.0,0.0,15078
1122,cot_sc,1.0,1.0,9765
1347,cot_sc,1.0,1.0,9617
8720,cot_sc,0.0,0.0,8583
3017,cot_sc,1.0,1.0,12195
913,cot_sc,0.0,0.0,22297
4832,cot_sc,0.0,0.0,11446
2570,cot_sc,1.0,1.0,10779
1680,cot_sc,1.0,1.0,22247
7539,cot_sc,1.0,1.0,9822
4328,cot_sc,0.0,0.0,9456
7847,cot_sc,0.0,0.0,9427
6579,cot_sc,0.0,0.0,10063
6331,cot_sc,1.0,1.0,10729
5922,cot_sc,1.0,1.0,28400
5352,cot_sc,0.0,0.0,9722
6447,cot_sc,1.0,1.0,14300
9767,cot_sc,1.0,1.0,22313
8806,cot_sc,1.0,1.0,15434
4027,cot_sc,1.0,1.0,9484
1720,cot_sc,1.0,1.0,27812
5025,cot_sc,0.0,0.0,10768
4062,cot_sc,0.0,0.0,9330
3764,cot_sc,1.0,1.0,36386
2729,cot_sc,1.0,1.0,10189
6165,cot_sc,1.0,1.0,9636
1404,cot_sc,1.0,1.0,12376
2623,cot_sc,1.0,1.0,10225
754,cot_sc,0.0,0.0,20210
825,cot_sc,0.0,0.0,15051
1738,cot_sc,1.0,1.0,9612
6224,cot_sc,1.0,1.0,15126
6535,cot_sc,1.0,1.0,17211
7832,cot_sc,1.0,1.0,9898
4754,cot_sc,1.0,1.0,9734
633,cot_sc,0.0,0.0,28769
3823,cot_sc,0.0,0.0,31008
6087,cot_sc,0.0,0.0,10899
4992,cot_sc,0.0,0.0,33154
8661,cot_sc,0.0,0.0,19974
5954,cot_sc,0.0,0.0,17043
927,cot_sc,1.0,1.0,14825
7288,cot_sc,1.0,1.0,11539
5166,cot_sc,0.0,0.0,21025
818,cot_sc,1.0,1.0,15719
9794,cot_sc,1.0,1.0,11808
8747,cot_sc,1.0,1.0,22514
7196,cot_sc,0.0,0.0,9668
9356,cot_sc,0.0,0.0,12529
546,cot_sc,1.0,1.0,17841
4091,cot_sc,1.0,1.0,10030
4384,cot_sc,1.0,1.0,10721
3254,cot_sc,1.0,1.0,10337
3053,cot_sc,1.0,1.0,29243
404,cot_sc,1.0,1.0,10229
6611,cot_sc,1.0,1.0,9684
8847,cot_sc,1.0,1.0,10121
2919,cot_sc,0.0,0.0,10722
1167,cot_sc,1.0,1.0,14293
8408,cot_sc,1.0,1.0,31464
5972,cot_sc,1.0,1.0,18001
6036,cot_sc,0.0,0.0,14979
5168,cot_sc,1.0,1.0,10318
9670,cot_sc,1.0,1.0,9231
5006,cot_sc,1.0,1.0,20509
4425,cot_sc,0.0,0.0,11974
2294,cot_sc,0.0,0.0,10985
6464,cot_sc,1.0,1.0,24497
8477,cot_sc,1.0,1.0,12126
5871,cot_sc,1.0,1.0,12050
232,cot_sc,1.0,1.0,20418
880,cot_sc,1.0,1.0,10644
9476,cot_sc,1.0,1.0,10218
7051,cot_sc,0.0,0.0,32852
5733,cot_sc,1.0,1.0,10596
9370,cot_sc,0.0,0.0,22853
8379,cot_sc,1.0,1.0,10754
9395,cot_sc,1.0,1.0,10200
2576,cot_sc,1.0,1.0,9879
3095,cot_sc,1.0,1.0,14739
3389,cot_sc,0.0,0.0,9488
5501,cot_sc,1.0,1.0,11504
7320,cot_sc,1.0,1.0,14150
9459,cot_sc,1.0,1.0,9606
9174,cot_sc,0.0,0.0,11029
6696,cot_sc,1.0,1.0,10792
273,cot_sc,1.0,1.0,9976
9536,cot_sc,1.0,1.0,25807
3550,cot_sc,1.0,1.0,9679
2161,cot_sc,1.0,1.0,10098
9989,cot_sc,1.0,1.0,10870
5555,cot_sc,1.0,1.0,9195
6747,cot_sc,0.0,0.0,9918
244,cot_sc,1.0,1.0,8993
9666,cot_sc,1.0,1.0,23347
6849,cot_sc,1.0,1.0,13120
5891,cot_sc,0.0,0.0,26799
4320,cot_sc,1.0,1.0,9441
3804,cot_sc,1.0,1.0,12261
5440,cot_sc,1.0,1.0,9459
6349,cot_sc,1.0,1.0,9326
3015,cot_sc,1.0,1.0,9886
6991,cot_sc,0.0,0.0,9619
6526,cot_sc,1.0,1.0,10681
16,cot_sc,1.0,1.0,9667
3306,cot_sc,0.0,0.0,21789
4885,cot_sc,1.0,1.0,9617
7083,cot_sc,0.0,0.0,26148
6971,cot_sc,0.0,0.0,11183
4923,cot_sc,1.0,1.0,9283
6829,cot_sc,1.0,1.0,9664
2186,cot_sc,0.0,0.0,9817
2107,cot_sc,0.0,0.0,31084
3266,cot_sc,1.0,1.0,13155
8571,cot_sc,1.0,1.0,9581
846,cot_sc,1.0,1.0,15155
7445,cot_sc,0.0,0.0,20499
7831,cot_sc,0.0,0.0,15297
8350,cot_sc,0.0,0.0,15731
5855,cot_sc,1.0,1.0,13568
8808,cot_sc,1.0,1.0,12303
7423,cot_sc,0.0,0.0,15489
9055,cot_sc,0.0,0.0,14418
3547,cot_sc,0.0,0.0,10728
9409,cot_sc,1.0,1.0,10006
7989,cot_sc,1.0,1.0,13657
41,cot_sc,1.0,1.0,9465
4728,cot_sc,0.0,0.0,12298
1594,cot_sc,0.0,0.0,9677
669,cot_sc,0.0,0.0,15934
3747,cot_sc,1.0,1.0,9748
446,cot_sc,0.0,0.0,13178
5030,cot_sc,1.0,1.0,9585
5161,cot_sc,0.0,0.0,10227
259,cot_sc,1.0,1.0,13316
2703,cot_sc,1.0,1.0,10277
8028,cot_sc,0.0,0.0,27166
857,cot_sc,1.0,1.0,9256
3604,cot_sc,1.0,1.0,13670
3968,cot_sc,1.0,1.0,10238
3069,cot_sc,1.0,1.0,18264
9503,cot_sc,0.0,0.0,9490
1208,cot_sc,1.0,1.0,12447
7091,cot_sc,0.0,0.0,18056
5552,cot_sc,0.0,0.0,18411
9120,cot_sc,0.0,0.0,19004
1746,cot_sc,1.0,1.0,19764
806,cot_sc,1.0,1.0,10602
226,cot_sc,0.0,0.0,9568
1552,cot_sc,1.0,1.0,10656
6753,cot_sc,0.0,0.0,9670
9529,cot_sc,0.0,0.0,28036
9202,cot_sc,1.0,1.0,31580
7840,cot_sc,1.0,1.0,9358
3284,cot_sc,0.0,0.0,17082
5579,cot_sc,1.0,1.0,14759
5971,cot_sc,1.0,1.0,13960
1354,cot_sc,1.0,1.0,9918
5816,cot_sc,1.0,1.0,35719
7649,cot_sc,0.0,0.0,12306
2146,cot_sc,1.0,1.0,9839
7842,cot_sc,1.0,1.0,14436
906,cot_sc,1.0,1.0,13643
4974,cot_sc,1.0,1.0,12091
394,cot_sc,0.0,0.0,12542
1092,cot_sc,1.0,1.0,18352
3169,cot_sc,1.0,1.0,12284
1589,cot_sc,0.0,0.0,11595
7899,cot_sc,0.0,0.0,9617
3603,cot_sc,0.0,0.0,10742
6996,cot_sc,1.0,1.0,9614
8123,cot_sc,1.0,1.0,9387
3817,cot_sc,1.0,1.0,9325
5277,cot_sc,1.0,1.0,10628
1098,cot_sc,1.0,1.0,9652
4369,cot_sc,0.0,0.0,33600
1402,cot_sc,1.0,1.0,15514
2464,cot_sc,0.0,0.0,27074
5090,cot_sc,1.0,1.0,9728
8952,cot_sc,1.0,1.0,13470
6031,cot_sc,1.0,1.0,11170
7440,cot_sc,0.0,0.0,9404
7717,cot_sc,1.0,1.0,9684
5042,cot_sc,0.0,0.0,37192
8075,cot_sc,1.0,1.0,13165
1330,cot_sc,1.0,1.0,9960
5762,cot_sc,1.0,1.0,13207
7069,cot_sc,1.0,1.0,13324
2577,cot_sc,1.0,1.0,11314
7030,cot_sc,1.0,1.0,9352
5163,cot_sc,0.0,0.0,17980
4144,cot_sc,1.0,1.0,17036
9172,cot_sc,1.0,1.0,12723
3641,cot_sc,0.0,0.0,11857
292,cot_sc,1.0,1.0,9707
9768,cot_sc,0.0,0.0,9959
1765,cot_sc,1.0,1.0,10471
1726,cot_sc,0.0,0.0,27390
7382,cot_sc,1.0,1.0,21225
1887,cot_sc,1.0,1.0,11421
3047,cot_sc,0.0,0.0,8982
1936,cot_sc,1.0,1.0,9855
3898,cot_sc,1.0,1.0,13520
4221,cot_sc,1.0,1.0,10969
7822,cot_sc,1.0,1.0,28406
5229,cot_sc,1.0,1.0,10395
7564,cot_sc,0.0,0.0,32774
4993,cot_sc,0.0,0.0,20164
1783,cot_sc,1.0,1.0,10101
9724,cot_sc,1.0,1.0,14403
8772,cot_sc,1.0,1.0,11173
3020,cot_sc,0.0,0.0,13546
2925,cot_sc,0.0,0.0,10345
4125,cot_sc,1.0,1.0,11139
8289,cot_sc,0.0,0.0,23025
6406,cot_sc,1.0,1.0,10206
1139,cot_sc,1.0,1.0,11567
4210,cot_sc,1.0,1.0,10123
227,cot_sc,1.0,1.0,10292
1012,cot_sc,1.0,1.0,9694
2639,cot_sc,1.0,1.0,12072
8930,cot_sc,1.0,1.0,13104
7336,cot_sc,0.0,0.0,9537
4790,cot_sc,0.0,0.0,31732
6638,cot_sc,1.0,1.0,9835
1575,cot_sc,0.0,0.0,9891
5343,cot_sc,0.0,0.0,16495
2690,cot_sc,1.0,1.0,13341
7428,cot_sc,1.0,1.0,10022
642,cot_sc,1.0,1.0,17661
1941,cot_sc,0.0,0.0,11164
9612,cot_sc,1.0,1.0,13232
1276,cot_sc,0.0,0.0,13305
6111,cot_sc,1.0,1.0,11192
1384,cot_sc,1.0,1.0,13039
5302,cot_sc,1.0,1.0,15328
3370,cot_sc,1.0,1.0,12084
5092,cot_sc,1.0,1.0,9930
8744,cot_sc,1.0,1.0,9620
6798,cot_sc,1.0,1.0,9981
609,cot_sc,1.0,1.0,21167
8729,cot_sc,1.0,1.0,17714
2990,cot_sc,1.0,1.0,12517
1615,cot_sc,1.0,1.0,11973
5378,cot_sc,1.0,1.0,13306
4099,cot_sc,1.0,1.0,32771
4373,majority_voting,0.0,0.0,6009
4411,majority_voting,1.0,1.0,8081
7752,majority_voting,1.0,1.0,28634
2078,majority_voting,0.0,0.0,6209
7777,majority_voting,1.0,1.0,5994
7398,majority_voting,1.0,1.0,6261
2021,majority_voting,1.0,1.0,9279
8755,majority_voting,0.0,0.0,25615
4242,majority_voting,0.0,0.0,16866
5880,majority_voting,0.0,0.0,15395
4795,majority_voting,1.0,1.0,13557
9500,majority_voting,1.0,1.0,6043
344,majority_voting,0.0,0.0,9711
2194,majority_voting,0.0,0.0,22706
3125,majority_voting,1.0,1.0,9422
7350,majority_voting,0.0,0.0,8624
4187,majority_voting,1.0,1.0,8030
1564,majority_voting,0.0,0.0,9106
8501,majority_voting,1.0,1.0,6102
7826,majority_voting,1.0,1.0,15688
2634,majority_voting,1.0,1.0,7455
6223,majority_voting,1.0,1.0,9253
2939,majority_voting,1.0,1.0,13511
7736,majority_voting,0.0,0.0,27313
6431,majority_voting,0.0,0.0,9385
8853,majority_voting,1.0,1.0,9654
8292,majority_voting,1.0,1.0,6161
4922,majority_voting,1.0,1.0,5642
9578,majority_voting,1.0,1.0,6292
6280,majority_voting,1.0,1.0,17360
5545,majority_voting,1.0,1.0,15773
8144,majority_voting,0.0,0.0,23305
9250,majority_voting,0.0,0.0,16259
2632,majority_voting,1.0,1.0,13522
1652,majority_voting,1.0,1.0,7493
234,majority_voting,0.0,0.0,13110
5535,majority_voting,1.0,1.0,8547
2432,majority_voting,1.0,1.0,10979
3854,majority_voting,1.0,1.0,6761
9696,majority_voting,1.0,1.0,9603
1950,majority_voting,0.0,0.0,9235
342,majority_voting,1.0,1.0,9170
6116,majority_voting,0.0,0.0,25278
6266,majority_voting,1.0,1.0,8212
6686,majority_voting,0.0,0.0,10274
4877,majority_voting,0.0,0.0,13603
705,majority_voting,1.0,1.0,6487
6245,majority_voting,1.0,1.0,6143
2278,majority_voting,0.0,0.0,8428
8642,majority_voting,0.0,0.0,19435
644,majority_voting,1.0,1.0,10892
2850,majority_voting,1.0,1.0,6083
5903,majority_voting,1.0,1.0,22145
150,majority_voting,0.0,0.0,8320
7976,majority_voting,1.0,1.0,24098
867,majority_voting,1.0,1.0,8743
6248,majority_voting,1.0,1.0,6194
8712,majority_voting,1.0,1.0,21042
4260,majority_voting,0.0,0.0,6171
4562,majority_voting,1.0,1.0,5953
441,majority_voting,1.0,1.0,9821
1019,majority_voting,1.0,1.0,5986
4950,majority_voting,1.0,1.0,7115
7521,majority_voting,1.0,1.0,12826
4312,majority_voting,1.0,1.0,6122
294,majority_voting,1.0,1.0,9498
1613,majority_voting,1.0,1.0,6142
5524,majority_voting,0.0,0.0,5963
9836,majority_voting,1.0,1.0,7058
7088,majority_voting,1.0,1.0,17627
1413,majority_voting,1.0,1.0,7229
6656,majority_voting,1.0,1.0,8764
9954,majority_voting,0.0,0.0,21584
9131,majority_voting,0.0,0.0,7260
5917,majority_voting,1.0,1.0,14198
6853,majority_voting,0.0,0.0,24123
7884,majority_voting,1.0,1.0,9757
1068,majority_voting,0.0,0.0,7367
470,majority_voting,0.0,0.0,11398
4007,majority_voting,1.0,1.0,6000
9761,majority_voting,0.0,0.0,6055
2114,majority_voting,1.0,1.0,6026
8199,majority_voting,1.0,1.0,13748
3905,majority_voting,1.0,1.0,26042
4218,majority_voting,1.0,1.0,6437
2019,majority_voting,1.0,1.0,9589
7525,majority_voting,1.0,1.0,15798
3148,majority_voting,0.0,0.0,21559
1924,majority_voting,0.0,0.0,6240
4921,majority_voting,1.0,1.0,6020
4410,majority_voting,1.0,1.0,8322
2778,majority_voting,1.0,1.0,8061
7732,majority_voting,1.0,1.0,7275
3121,majority_voting,1.0,1.0,5973
8565,majority_voting,0.0,0.0,6010
5516,majority_voting,0.0,0.0,6154
6857,majority_voting,0.0,0.0,5997
4508,majority_voting,1.0,1.0,5743
4025,majority_voting,1.0,1.0,5737
6521,majority_voting,0.0,0.0,6010
9396,majority_voting,1.0,1.0,7006
7968,majority_voting,1.0,1.0,15997
3,majority_voting,0.0,0.0,5921
1495,majority_voting,1.0,1.0,6053
7554,majority_voting,1.0,1.0,8285
8074,majority_voting,0.0,0.0,24845
2324,majority_voting,1.0,1.0,6033
2406,majority_voting,1.0,1.0,5865
699,majority_voting,0.0,0.0,16634
5805,majority_voting,1.0,1.0,26544
9070,majority_voting,1.0,1.0,6062
2168,majority_voting,0.0,0.0,31447
4086,majority_voting,1.0,1.0,7424
8586,majority_voting,0.0,0.0,15060
3675,majority_voting,1.0,1.0,14892
7916,majority_voting,1.0,1.0,6238
7103,majority_voting,1.0,1.0,6120
4079,majority_voting,0.0,0.0,7351
1857,majority_voting,1.0,1.0,5959
3351,majority_voting,0.0,0.0,14478
9800,majority_voting,0.0,0.0,23462
2693,majority_voting,1.0,1.0,17449
2119,majority_voting,0.0,0.0,6410
44,majority_voting,0.0,0.0,15113
4452,majority_voting,1.0,1.0,8148
9903,majority_voting,0.0,0.0,6078
2548,majority_voting,0.0,0.0,6465
8675,majority_voting,0.0,0.0,6106
7355,majority_voting,0.0,0.0,17972
4326,majority_voting,1.0,1.0,9112
3691,majority_voting,1.0,1.0,9800
3568,majority_voting,0.0,0.0,8799
762,majority_voting,1.0,1.0,6065
2492,majority_voting,0.0,0.0,22174
9445,majority_voting,1.0,1.0,9344
7187,majority_voting,0.0,0.0,15483
8129,majority_voting,1.0,1.0,8705
6454,majority_voting,1.0,1.0,5862
6886,majority_voting,1.0,1.0,7237
1023,majority_voting,0.0,0.0,14737
9981,majority_voting,1.0,1.0,6098
8921,majority_voting,0.0,0.0,6125
7674,majority_voting,1.0,1.0,9589
2073,majority_voting,0.0,0.0,28349
6466,majority_voting,0.0,0.0,6627
6455,majority_voting,0.0,0.0,26312
8956,majority_voting,0.0,0.0,7244
3445,majority_voting,1.0,1.0,6777
380,majority_voting,0.0,0.0,6376
3018,majority_voting,1.0,1.0,10966
5620,majority_voting,1.0,1.0,6947
9889,majority_voting,0.0,0.0,5992
5798,majority_voting,1.0,1.0,7436
6458,majority_voting,1.0,1.0,6078
9581,majority_voting,0.0,0.0,27020
4608,majority_voting,1.0,1.0,8325
225,majority_voting,1.0,1.0,5918
3655,majority_voting,0.0,0.0,15892
3831,majority_voting,1.0,1.0,5917
1205,majority_voting,1.0,1.0,6118
5373,majority_voting,0.0,0.0,19781
2350,majority_voting,1.0,1.0,7031
5728,majority_voting,0.0,0.0,7433
1994,majority_voting,0.0,0.0,6106
7409,majority_voting,0.0,0.0,8402
2657,majority_voting,1.0,1.0,6035
8960,majority_voting,1.0,1.0,9146
8632,majority_voting,1.0,1.0,6252
1789,majority_voting,1.0,1.0,9225
8370,majority_voting,1.0,1.0,5981
9965,majority_voting,0.0,0.0,18233
1065,majority_voting,1.0,1.0,20929
81,majority_voting,0.0,0.0,5941
3581,majority_voting,1.0,1.0,5991
4226,majority_voting,1.0,1.0,17776
9322,majority_voting,1.0,1.0,6348
8303,majority_voting,1.0,1.0,9716
6932,majority_voting,1.0,1.0,17638
9498,majority_voting,1.0,1.0,8926
5381,majority_voting,1.0,1.0,6025
4080,majority_voting,1.0,1.0,20106
9871,majority_voting,1.0,1.0,24134
2985,majority_voting,1.0,1.0,5765
5364,majority_voting,1.0,1.0,7279
120,majority_voting,1.0,1.0,6347
9141,majority_voting,0.0,0.0,10401
4324,majority_voting,0.0,0.0,7390
7309,majority_voting,1.0,1.0,5972
1527,majority_voting,1.0,1.0,6059
7706,majority_voting,1.0,1.0,6969
7453,majority_voting,1.0,1.0,7655
6544,majority_voting,1.0,1.0,12998
3255,majority_voting,1.0,1.0,12160
6047,majority_voting,1.0,1.0,25230
8422,majority_voting,1.0,1.0,6279
7587,majority_voting,1.0,1.0,8057
8275,majority_voting,0.0,0.0,7042
9923,majority_voting,1.0,1.0,8569
1419,majority_voting,0.0,0.0,5878
6066,majority_voting,1.0,1.0,7148
9359,majority_voting,0.0,0.0,6084
7169,majority_voting,1.0,1.0,5865
9109,majority_voting,1.0,1.0,8492
905,majority_voting,1.0,1.0,10606
4645,majority_voting,1.0,1.0,24425
430,majority_voting,1.0,1.0,6992
619,majority_voting,0.0,0.0,15872
285,majority_voting,1.0,1.0,8492
6739,majority_voting,0.0,0.0,5609
5493,majority_voting,1.0,1.0,8004
8766,majority_voting,1.0,1.0,9364
2667,majority_voting,0.0,0.0,15860
3750,majority_voting,0.0,0.0,11904
5960,majority_voting,1.0,1.0,6130
9634,majority_voting,0.0,0.0,21612
3667,majority_voting,1.0,1.0,6000
8684,majority_voting,0.0,0.0,21251
9428,majority_voting,0.0,0.0,5831
4805,majority_voting,0.0,0.0,8953
7858,majority_voting,1.0,1.0,7047
2745,majority_voting,1.0,1.0,5871
7236,majority_voting,1.0,1.0,20863
5536,majority_voting,0.0,0.0,14879
3546,majority_voting,1.0,1.0,6344
9454,majority_voting,0.0,0.0,6101
193,majority_voting,1.0,1.0,5805
4,majority_voting,1.0,1.0,5953
6617,majority_voting,0.0,0.0,22311
6348,majority_voting,1.0,1.0,6025
1399,majority_voting,1.0,1.0,11565
527,majority_voting,1.0,1.0,6069
5217,majority_voting,0.0,0.0,7916
8256,majority_voting,0.0,0.0,6189
8100,majority_voting,1.0,1.0,8652
8566,majority_voting,1.0,1.0,18162
7795,majority_voting,1.0,1.0,8749
2594,majority_voting,0.0,0.0,8100
9341,majority_voting,1.0,1.0,6074
5031,majority_voting,0.0,0.0,7561
2692,majority_voting,0.0,0.0,28960
9136,majority_voting,1.0,1.0,5991
1952,majority_voting,0.0,0.0,5827
9769,majority_voting,0.0,0.0,7230
4159,majority_voting,1.0,1.0,6030
7978,majority_voting,1.0,1.0,5860
7365,majority_voting,0.0,0.0,11657
6837,majority_voting,0.0,0.0,28619
693,majority_voting,0.0,0.0,20858
1412,majority_voting,1.0,1.0,7112
9337,majority_voting,1.0,1.0,10128
558,majority_voting,0.0,0.0,5961
5629,majority_voting,0.0,0.0,25673
1178,majority_voting,1.0,1.0,10925
3026,majority_voting,0.0,0.0,14906
5518,majority_voting,0.0,0.0,10721
1122,majority_voting,1.0,1.0,6043
1347,majority_voting,1.0,1.0,5969
8720,majority_voting,1.0,1.0,4847
3017,majority_voting,1.0,1.0,8247
913,majority_voting,0.0,0.0,17226
4832,majority_voting,0.0,0.0,7372
2570,majority_voting,1.0,1.0,7054
1680,majority_voting,1.0,1.0,17047
7539,majority_voting,1.0,1.0,6078
4328,majority_voting,0.0,0.0,5883
7847,majority_voting,0.0,0.0,5894
6579,majority_voting,0.0,0.0,6256
6331,majority_voting,1.0,1.0,7051
5922,majority_voting,0.0,0.0,23047
5352,majority_voting,0.0,0.0,6033
6447,majority_voting,1.0,1.0,10351
9767,majority_voting,1.0,1.0,17160
8806,majority_voting,1.0,1.0,11248
4027,majority_voting,1.0,1.0,5902
1720,majority_voting,1.0,1.0,22405
5025,majority_voting,0.0,0.0,7033
4062,majority_voting,0.0,0.0,5822
3764,majority_voting,0.0,0.0,30304
2729,majority_voting,1.0,1.0,6264
6165,majority_voting,1.0,1.0,5991
1404,majority_voting,1.0,1.0,8325
2623,majority_voting,1.0,1.0,6265
754,majority_voting,1.0,1.0,15239
825,majority_voting,0.0,0.0,10675
1738,majority_voting,1.0,1.0,5976
6224,majority_voting,1.0,1.0,10186
6535,majority_voting,1.0,1.0,12515
7832,majority_voting,1.0,1.0,6115
4754,majority_voting,1.0,1.0,6016
633,majority_voting,0.0,0.0,23201
3823,majority_voting,0.0,0.0,24910
6087,majority_voting,0.0,0.0,7196
4992,majority_voting,0.0,0.0,27279
8661,majority_voting,0.0,0.0,14912
5954,majority_voting,1.0,1.0,12281
927,majority_voting,1.0,1.0,10628
7288,majority_voting,0.0,0.0,7375
5166,majority_voting,0.0,0.0,15869
818,majority_voting,1.0,1.0,11591
9794,majority_voting,1.0,1.0,8045
8747,majority_voting,1.0,1.0,17490
7196,majority_voting,0.0,0.0,5982
9356,majority_voting,0.0,0.0,7375
546,majority_voting,0.0,0.0,12625
4091,majority_voting,1.0,1.0,6203
4384,majority_voting,1.0,1.0,7016
3254,majority_voting,1.0,1.0,6321
3053,majority_voting,1.0,1.0,23209
404,majority_voting,1.0,1.0,6758
6611,majority_voting,1.0,1.0,6012
8847,majority_voting,1.0,1.0,6210
2919,majority_voting,0.0,0.0,6538
1167,majority_voting,1.0,1.0,9802
8408,majority_voting,1.0,1.0,25562
5972,majority_voting,1.0,1.0,13511
6036,majority_voting,0.0,0.0,10834
5168,majority_voting,1.0,1.0,6301
9670,majority_voting,1.0,1.0,5788
5006,majority_voting,1.0,1.0,15724
4425,majority_voting,0.0,0.0,8119
2294,majority_voting,0.0,0.0,7144
6464,majority_voting,1.0,1.0,19260
8477,majority_voting,1.0,1.0,8189
5871,majority_voting,1.0,1.0,8216
232,majority_voting,1.0,1.0,15452
880,majority_voting,1.0,1.0,6482
9476,majority_voting,1.0,1.0,6277
7051,majority_voting,0.0,0.0,26993
5733,majority_voting,1.0,1.0,6467
9370,majority_voting,0.0,0.0,17100
8379,majority_voting,1.0,1.0,6538
9395,majority_voting,1.0,1.0,6262
2576,majority_voting,1.0,1.0,6094
3095,majority_voting,1.0,1.0,10823
3389,majority_voting,0.0,0.0,5810
5501,majority_voting,1.0,1.0,7407
7320,majority_voting,1.0,1.0,9766
9459,majority_voting,1.0,1.0,5951
9174,majority_voting,0.0,0.0,7149
6696,majority_voting,1.0,1.0,6546
273,majority_voting,1.0,1.0,6156
9536,majority_voting,1.0,1.0,20751
3550,majority_voting,1.0,1.0,6000
2161,majority_voting,0.0,0.0,6027
9989,majority_voting,1.0,1.0,7088
5555,majority_voting,1.0,1.0,5764
6747,majority_voting,0.0,0.0,5995
244,majority_voting,1.0,1.0,5663
9666,majority_voting,1.0,1.0,18284
6849,majority_voting,1.0,1.0,9149
5891,majority_voting,0.0,0.0,20880
4320,majority_voting,1.0,1.0,5870
3804,majority_voting,1.0,1.0,8310
5440,majority_voting,1.0,1.0,5892
6349,majority_voting,1.0,1.0,5832
3015,majority_voting,1.0,1.0,6100
6991,majority_voting,0.0,0.0,5959
6526,majority_voting,1.0,1.0,7019
16,majority_voting,1.0,1.0,5991
3306,majority_voting,0.0,0.0,16973
4885,majority_voting,1.0,1.0,5972
7083,majority_voting,1.0,1.0,20263
6971,majority_voting,0.0,0.0,7242
4923,majority_voting,1.0,1.0,5796
6829,majority_voting,1.0,1.0,6000
2186,majority_voting,0.0,0.0,6040
2107,majority_voting,0.0,0.0,24831
3266,majority_voting,1.0,1.0,9266
8571,majority_voting,1.0,1.0,5976
846,majority_voting,1.0,1.0,10595
7445,majority_voting,0.0,0.0,15685
7831,majority_voting,0.0,0.0,11109
8350,majority_voting,0.0,0.0,11092
5855,majority_voting,1.0,1.0,9498
8808,majority_voting,1.0,1.0,8430
7423,majority_voting,0.0,0.0,11176
9055,majority_voting,0.0,0.0,9865
3547,majority_voting,0.0,0.0,6421
9409,majority_voting,1.0,1.0,6175
7989,majority_voting,1.0,1.0,9617
41,majority_voting,1.0,1.0,5884
4728,majority_voting,0.0,0.0,8338
1594,majority_voting,0.0,0.0,5996
669,majority_voting,0.0,0.0,11554
3747,majority_voting,1.0,1.0,6036
446,majority_voting,0.0,0.0,8963
5030,majority_voting,1.0,1.0,5946
5161,majority_voting,0.0,0.0,6261
259,majority_voting,1.0,1.0,9264
2703,majority_voting,1.0,1.0,6773
8028,majority_voting,0.0,0.0,21820
857,majority_voting,1.0,1.0,5808
3604,majority_voting,1.0,1.0,9528
3968,majority_voting,1.0,1.0,6282
3069,majority_voting,1.0,1.0,13931
9503,majority_voting,0.0,0.0,5900
1208,majority_voting,1.0,1.0,8398
7091,majority_voting,1.0,1.0,13529
5552,majority_voting,0.0,0.0,13830
9120,majority_voting,0.0,0.0,14284
1746,majority_voting,1.0,1.0,15210
806,majority_voting,1.0,1.0,6458
226,majority_voting,0.0,0.0,5928
1552,majority_voting,1.0,1.0,6968
6753,majority_voting,0.0,0.0,6005
9529,majority_voting,0.0,0.0,22698
9202,majority_voting,1.0,1.0,25560
7840,majority_voting,1.0,1.0,5827
3284,majority_voting,0.0,0.0,12684
5579,majority_voting,1.0,1.0,10035
5971,majority_voting,1.0,1.0,9600
1354,majority_voting,1.0,1.0,6121
5816,majority_voting,1.0,1.0,29440
7649,majority_voting,0.0,0.0,8297
2146,majority_voting,1.0,1.0,6121
7842,majority_voting,1.0,1.0,8792
906,majority_voting,1.0,1.0,9446
4974,majority_voting,1.0,1.0,7670
394,majority_voting,0.0,0.0,8007
1092,majority_voting,0.0,0.0,13759
3169,majority_voting,1.0,1.0,8406
1589,majority_voting,1.0,1.0,7276
7899,majority_voting,0.0,0.0,5974
3603,majority_voting,0.0,0.0,6522
6996,majority_voting,1.0,1.0,5979
8123,majority_voting,1.0,1.0,5863
3817,majority_voting,1.0,1.0,5806
5277,majority_voting,1.0,1.0,6482
1098,majority_voting,1.0,1.0,5996
4369,majority_voting,0.0,0.0,27726
1402,majority_voting,1.0,1.0,11089
2464,majority_voting,0.0,0.0,21561
5090,majority_voting,1.0,1.0,6033
8952,majority_voting,1.0,1.0,9414
6031,majority_voting,1.0,1.0,7264
7440,majority_voting,0.0,0.0,5871
7717,majority_voting,1.0,1.0,5992
5042,majority_voting,0.0,0.0,30353
8075,majority_voting,1.0,1.0,9233
1330,majority_voting,1.0,1.0,6154
5762,majority_voting,1.0,1.0,9238
7069,majority_voting,1.0,1.0,9313
2577,majority_voting,1.0,1.0,7328
7030,majority_voting,1.0,1.0,5855
5163,majority_voting,1.0,1.0,13285
4144,majority_voting,1.0,1.0,12392
9172,majority_voting,1.0,1.0,8553
3641,majority_voting,0.0,0.0,8112
292,majority_voting,1.0,1.0,6033
9768,majority_voting,0.0,0.0,6163
1765,majority_voting,1.0,1.0,6383
1726,majority_voting,0.0,0.0,21710
7382,majority_voting,1.0,1.0,16079
1887,majority_voting,1.0,1.0,7364
3047,majority_voting,0.0,0.0,5658
1936,majority_voting,1.0,1.0,6147
3898,majority_voting,1.0,1.0,9429
4221,majority_voting,1.0,1.0,7162
7822,majority_voting,1.0,1.0,22970
5229,majority_voting,1.0,1.0,6376
7564,majority_voting,0.0,0.0,26732
4993,majority_voting,0.0,0.0,15225
1783,majority_voting,1.0,1.0,6223
9724,majority_voting,1.0,1.0,10246
8772,majority_voting,1.0,1.0,7246
3020,majority_voting,0.0,0.0,9452
2925,majority_voting,0.0,0.0,6343
4125,majority_voting,1.0,1.0,7284
8289,majority_voting,1.0,1.0,17319
6406,majority_voting,1.0,1.0,6267
1139,majority_voting,1.0,1.0,7450
4210,majority_voting,1.0,1.0,6221
227,majority_voting,0.0,0.0,6091
1012,majority_voting,1.0,1.0,6049
2639,majority_voting,1.0,1.0,7213
8930,majority_voting,1.0,1.0,7680
7336,majority_voting,0.0,0.0,5921
4790,majority_voting,0.0,0.0,25849
6638,majority_voting,1.0,1.0,6068
1575,majority_voting,0.0,0.0,6116
5343,majority_voting,1.0,1.0,12113
2690,majority_voting,1.0,1.0,9017
7428,majority_voting,1.0,1.0,6180
642,majority_voting,1.0,1.0,13369
1941,majority_voting,0.0,0.0,6743
9612,majority_voting,1.0,1.0,9260
1276,majority_voting,0.0,0.0,8896
6111,majority_voting,1.0,1.0,6769
1384,majority_voting,1.0,1.0,9189
5302,majority_voting,1.0,1.0,10981
3370,majority_voting,1.0,1.0,8226
5092,majority_voting,1.0,1.0,6122
8744,majority_voting,1.0,1.0,5969
6798,majority_voting,1.0,1.0,6157
609,majority_voting,0.0,0.0,16480
8729,majority_voting,1.0,1.0,13239
2990,majority_voting,1.0,1.0,8456
1615,majority_voting,1.0,1.0,8139
5378,majority_voting,1.0,1.0,8912
4099,majority_voting,1.0,1.0,26481
4373,reflexion_react,0.0,0.0,30742
4411,reflexion_react,1.0,1.0,2143
7752,reflexion_react,1.0,1.0,10759
2078,reflexion_react,0.0,0.0,82026
7777,reflexion_react,1.0,1.0,1981
7398,reflexion_react,1.0,1.0,2045
2021,reflexion_react,1.0,1.0,3062
8755,reflexion_react,1.0,1.0,20529
4242,reflexion_react,0.0,0.0,78066
5880,reflexion_react,1.0,1.0,4518
4795,reflexion_react,1.0,1.0,2077
9500,reflexion_react,1.0,1.0,2007
344,reflexion_react,0.0,0.0,38964
2194,reflexion_react,0.0,0.0,105936
3125,reflexion_react,1.0,1.0,3148
7350,reflexion_react,1.0,1.0,19774
4187,reflexion_react,1.0,1.0,1936
1564,reflexion_react,1.0,1.0,8573
8501,reflexion_react,1.0,1.0,2028
7826,reflexion_react,1.0,1.0,4529
2634,reflexion_react,1.0,1.0,2091
6223,reflexion_react,1.0,1.0,2154
2939,reflexion_react,0.0,0.0,54614
7736,reflexion_react,1.0,1.0,27556
6431,reflexion_react,1.0,1.0,46290
8853,reflexion_react,1.0,1.0,3238
8292,reflexion_react,1.0,1.0,2050
4922,reflexion_react,1.0,1.0,3052
9578,reflexion_react,1.0,1.0,2080
6280,reflexion_react,1.0,1.0,5878
5545,reflexion_react,1.0,1.0,8761
8144,reflexion_react,1.0,1.0,45552
9250,reflexion_react,1.0,1.0,33906
2632,reflexion_react,1.0,1.0,2028
1652,reflexion_react,1.0,1.0,3232
234,reflexion_react,1.0,1.0,39593
5535,reflexion_react,1.0,1.0,2046
2432,reflexion_react,1.0,1.0,3274
3854,reflexion_react,1.0,1.0,2250
9696,reflexion_react,1.0,1.0,3215
1950,reflexion_react,1.0,1.0,6267
342,reflexion_react,1.0,1.0,3021
6116,reflexion_react,1.0,1.0,30201
6266,reflexion_react,1.0,1.0,3054
6686,reflexion_react,0.0,0.0,47948
4877,reflexion_react,1.0,1.0,19948
705,reflexion_react,1.0,1.0,2154
6245,reflexion_react,1.0,1.0,2046
2278,reflexion_react,1.0,1.0,11839
8642,reflexion_react,1.0,1.0,1941
644,reflexion_react,1.0,1.0,11474
2850,reflexion_react,1.0,1.0,2020
5903,reflexion_react,1.0,1.0,9402
150,reflexion_react,0.0,0.0,33444
7976,reflexion_react,1.0,1.0,9280
867,reflexion_react,1.0,1.0,5654
6248,reflexion_react,1.0,1.0,2069
8712,reflexion_react,1.0,1.0,1991
4260,reflexion_react,0.0,0.0,30754
4562,reflexion_react,1.0,1.0,1976
441,reflexion_react,1.0,1.0,3247
1019,reflexion_react,1.0,1.0,2002
4950,reflexion_react,1.0,1.0,2027
7521,reflexion_react,1.0,1.0,2041
4312,reflexion_react,1.0,1.0,2042
294,reflexion_react,1.0,1.0,2007
1613,reflexion_react,1.0,1.0,2040
5524,reflexion_react,0.0,0.0,32902
9836,reflexion_react,1.0,1.0,1983
7088,reflexion_react,1.0,1.0,2074
1413,reflexion_react,0.0,0.0,30357
6656,reflexion_react,1.0,1.0,2086
9954,reflexion_react,0.0,0.0,83907
9131,reflexion_react,0.0,0.0,31958
5917,reflexion_react,1.0,1.0,4293
6853,reflexion_react,0.0,0.0,86329
7884,reflexion_react,1.0,1.0,1893
1068,reflexion_react,0.0,0.0,35258
470,reflexion_react,1.0,1.0,9335
4007,reflexion_react,1.0,1.0,2019
9761,reflexion_react,0.0,0.0,30027
2114,reflexion_react,1.0,1.0,2007
8199,reflexion_react,1.0,1.0,10830
3905,reflexion_react,1.0,1.0,9057
4218,reflexion_react,1.0,1.0,6581
2019,reflexion_react,1.0,1.0,2115
7525,reflexion_react,1.0,1.0,4827
3148,reflexion_react,0.0,0.0,86313
1924,reflexion_react,1.0,1.0,37806
4921,reflexion_react,1.0,1.0,2007
4410,reflexion_react,1.0,1.0,3171
2778,reflexion_react,1.0,1.0,1936
7732,reflexion_react,1.0,1.0,2049
3121,reflexion_react,1.0,1.0,1996
8565,reflexion_react,0.0,0.0,31752
5516,reflexion_react,0.0,0.0,31413
6857,reflexion_react,0.0,0.0,61982
4508,reflexion_react,1.0,1.0,1910
4025,reflexion_react,1.0,1.0,1904
6521,reflexion_react,0.0,0.0,37689
9396,reflexion_react,1.0,1.0,1986
7968,reflexion_react,1.0,1.0,20218
3,reflexion_react,0.0,0.0,38420
1495,reflexion_react,1.0,1.0,9862
7554,reflexion_react,1.0,1.0,2029
8074,reflexion_react,1.0,1.0,63100
2324,reflexion_react,1.0,1.0,1995
2406,reflexion_react,1.0,1.0,1954
699,reflexion_react,1.0,1.0,3154
5805,reflexion_react,1.0,1.0,9129
9070,reflexion_react,1.0,1.0,2025
2168,reflexion_react,0.0,0.0,95048
4086,reflexion_react,1.0,1.0,2109
8586,reflexion_react,0.0,0.0,72461
3675,reflexion_react,1.0,1.0,3071
7916,reflexion_react,1.0,1.0,2094
7103,reflexion_react,1.0,1.0,2029
4079,reflexion_react,1.0,1.0,18911
1857,reflexion_react,1.0,1.0,1984
3351,reflexion_react,0.0,0.0,105775
9800,reflexion_react,1.0,1.0,9125
2693,reflexion_react,1.0,1.0,3177
2119,reflexion_react,0.0,0.0,51961
44,reflexion_react,1.0,1.0,6447
4452,reflexion_react,1.0,1.0,2041
9903,reflexion_react,0.0,0.0,32413
2548,reflexion_react,1.0,1.0,25956
8675,reflexion_react,0.0,0.0,30522
7355,reflexion_react,1.0,1.0,2073
4326,reflexion_react,1.0,1.0,3018
3691,reflexion_react,1.0,1.0,1982
3568,reflexion_react,1.0,1.0,6250
762,reflexion_react,1.0,1.0,2017
2492,reflexion_react,0.0,0.0,102885
9445,reflexion_react,1.0,1.0,3084
7187,reflexion_react,0.0,0.0,88497
8129,reflexion_react,1.0,1.0,2067
6454,reflexion_react,1.0,1.0,1975
6886,reflexion_react,1.0,1.0,2042
1023,reflexion_react,0.0,0.0,56135
9981,reflexion_react,1.0,1.0,2009
8921,reflexion_react,1.0,1.0,7840
7674,reflexion_react,1.0,1.0,3164
2073,reflexion_react,1.0,1.0,13967
6466,reflexion_react,0.0,0.0,36454
6455,reflexion_react,1.0,1.0,6232
8956,reflexion_react,1.0,1.0,6206
3445,reflexion_react,1.0,1.0,2263
380,reflexion_react,0.0,0.0,33749
3018,reflexion_react,1.0,1.0,2071
5620,reflexion_react,1.0,1.0,3203
9889,reflexion_react,0.0,0.0,32873
5798,reflexion_react,1.0,1.0,2113
6458,reflexion_react,1.0,1.0,1973
9581,reflexion_react,1.0,1.0,100669
4608,reflexion_react,1.0,1.0,3177
225,reflexion_react,1.0,1.0,1973
3655,reflexion_react,1.0,1.0,17341
3831,reflexion_react,1.0,1.0,1971
1205,reflexion_react,1.0,1.0,2037
5373,reflexion_react,1.0,1.0,29538
2350,reflexion_react,1.0,1.0,3029
5728,reflexion_react,1.0,1.0,6157
1994,reflexion_react,0.0,0.0,31539
7409,reflexion_react,0.0,0.0,58408
2657,reflexion_react,1.0,1.0,1982
8960,reflexion_react,1.0,1.0,3089
8632,reflexion_react,1.0,1.0,2085
1789,reflexion_react,1.0,1.0,3037
8370,reflexion_react,1.0,1.0,2004
9965,reflexion_react,1.0,1.0,22040
1065,reflexion_react,1.0,1.0,3287
81,reflexion_react,0.0,0.0,30093
3581,reflexion_react,1.0,1.0,2003
4226,reflexion_react,1.0,1.0,76892
9322,reflexion_react,1.0,1.0,2085
8303,reflexion_react,1.0,1.0,3243
6932,reflexion_react,1.0,1.0,10485
9498,reflexion_react,1.0,1.0,1847
5381,reflexion_react,1.0,1.0,2019
4080,reflexion_react,1.0,1.0,3080
9871,reflexion_react,1.0,1.0,9657
2985,reflexion_react,1.0,1.0,1926
5364,reflexion_react,1.0,1.0,2069
120,reflexion_react,1.0,1.0,2115
9141,reflexion_react,1.0,1.0,1913
4324,reflexion_react,0.0,0.0,43483
7309,reflexion_react,1.0,1.0,1974
1527,reflexion_react,1.0,1.0,2064
7706,reflexion_react,1.0,1.0,2321
7453,reflexion_react,1.0,1.0,3291
6544,reflexion_react,1.0,1.0,2065
3255,reflexion_react,1.0,1.0,3160
6047,reflexion_react,1.0,1.0,2093
8422,reflexion_react,1.0,1.0,2111
7587,reflexion_react,1.0,1.0,3106
8275,reflexion_react,0.0,0.0,34231
9923,reflexion_react,1.0,1.0,2119
1419,reflexion_react,1.0,1.0,5943
6066,reflexion_react,1.0,1.0,2004
9359,reflexion_react,0.0,0.0,36499
7169,reflexion_react,1.0,1.0,3305
9109,reflexion_react,1.0,1.0,3141
905,reflexion_react,1.0,1.0,4357
4645,reflexion_react,1.0,1.0,18514
430,reflexion_react,1.0,1.0,3056
619,reflexion_react,1.0,1.0,22961
285,reflexion_react,1.0,1.0,1975
6739,reflexion_react,1.0,1.0,4386
5493,reflexion_react,1.0,1.0,1978
8766,reflexion_react,1.0,1.0,11356
2667,reflexion_react,1.0,1.0,9312
3750,reflexion_react,1.0,1.0,23506
5960,reflexion_react,1.0,1.0,2033
9634,reflexion_react,1.0,1.0,21625
3667,reflexion_react,1.0,1.0,2004
8684,reflexion_react,0.0,0.0,105650
9428,reflexion_react,0.0,0.0,30396
4805,reflexion_react,0.0,0.0,85092
7858,reflexion_react,1.0,1.0,3065
2745,reflexion_react,1.0,1.0,1945
7236,reflexion_react,1.0,1.0,20009
5536,reflexion_react,1.0,1.0,50643
3546,reflexion_react,1.0,1.0,2110
9454,reflexion_react,0.0,0.0,41231
193,reflexion_react,1.0,1.0,4280
4,reflexion_react,1.0,1.0,1984
6617,reflexion_react,0.0,0.0,94140
6348,reflexion_react,1.0,1.0,2014
1399,reflexion_react,1.0,1.0,3094
527,reflexion_react,1.0,1.0,2043
5217,reflexion_react,1.0,1.0,6837
8256,reflexion_react,0.0,0.0,33480
8100,reflexion_react,1.0,1.0,2138
8566,reflexion_react,1.0,1.0,8903
7795,reflexion_react,1.0,1.0,2022
2594,reflexion_react,1.0,1.0,3099
9341,reflexion_react,1.0,1.0,2017
5031,reflexion_react,1.0,1.0,41668
2692,reflexion_react,0.0,0.0,104273
9136,reflexion_react,1.0,1.0,2005
1952,reflexion_react,0.0,0.0,29429
9769,reflexion_react,0.0,0.0,43928
4159,reflexion_react,1.0,1.0,2010
7978,reflexion_react,1.0,1.0,1957
7365,reflexion_react,1.0,1.0,21481
6837,reflexion_react,0.0,0.0,113205
693,reflexion_react,1.0,1.0,19673
1412,reflexion_react,1.0,1.0,2016
9337,reflexion_react,1.0,1.0,3359
558,reflexion_react,0.0,0.0,30983
5629,reflexion_react,1.0,1.0,28716
1178,reflexion_react,1.0,1.0,2454
3026,reflexion_react,1.0,1.0,76562
5518,reflexion_react,1.0,1.0,54674
1122,reflexion_react,1.0,1.0,2018
1347,reflexion_react,1.0,1.0,1986
8720,reflexion_react,1.0,1.0,904
3017,reflexion_react,1.0,1.0,2022
913,reflexion_react,0.0,0.0,42115
4832,reflexion_react,1.0,1.0,3215
2570,reflexion_react,1.0,1.0,1977
1680,reflexion_react,1.0,1.0,4608
7539,reflexion_react,1.0,1.0,2023
4328,reflexion_react,1.0,1.0,10711
7847,reflexion_react,0.0,0.0,30633
6579,reflexion_react,1.0,1.0,3062
6331,reflexion_react,1.0,1.0,1953
5922,reflexion_react,0.0,0.0,96612
5352,reflexion_react,0.0,0.0,32132
6447,reflexion_react,1.0,1.0,3027
9767,reflexion_react,1.0,1.0,2080
8806,reflexion_react,1.0,1.0,3339
4027,reflexion_react,1.0,1.0,1969
1720,reflexion_react,1.0,1.0,9745
5025,reflexion_react,1.0,1.0,17986
4062,reflexion_react,0.0,0.0,29126
3764,reflexion_react,1.0,1.0,76276
2729,reflexion_react,1.0,1.0,2084
6165,reflexion_react,1.0,1.0,1985
1404,reflexion_react,1.0,1.0,3135
2623,reflexion_react,1.0,1.0,2086
4099,reflexion_react,1.0,1.0,9813
754,reflexion_react,1.0,1.0,9872
825,reflexion_react,0.0,0.0,49990
1738,reflexion_react,1.0,1.0,1996
6224,reflexion_react,1.0,1.0,3366
6535,reflexion_react,1.0,1.0,4615
7832,reflexion_react,1.0,1.0,2042
4754,reflexion_react,1.0,1.0,2005
633,reflexion_react,0.0,0.0,97604
3823,reflexion_react,1.0,1.0,92075
6087,reflexion_react,1.0,1.0,2018
4992,reflexion_react,1.0,1.0,67213
8661,reflexion_react,1.0,1.0,15541
5954,reflexion_react,1.0,1.0,32899
927,reflexion_react,1.0,1.0,4400
7288,reflexion_react,1.0,1.0,16262
5166,reflexion_react,0.0,0.0,53607
818,reflexion_react,1.0,1.0,3016
9794,reflexion_react,1.0,1.0,1974
8747,reflexion_react,1.0,1.0,4739
7196,reflexion_react,0.0,0.0,34022
9356,reflexion_react,1.0,1.0,34527
546,reflexion_react,1.0,1.0,15421
4091,reflexion_react,1.0,1.0,2056
4384,reflexion_react,1.0,1.0,1981
3254,reflexion_react,1.0,1.0,2082
3053,reflexion_react,1.0,1.0,13260
404,reflexion_react,1.0,1.0,1896
6611,reflexion_react,1.0,1.0,2005
8847,reflexion_react,1.0,1.0,2069
2919,reflexion_react,0.0,0.0,33676
1167,reflexion_react,1.0,1.0,3279
8408,reflexion_react,1.0,1.0,7795
5972,reflexion_react,1.0,1.0,18911
6036,reflexion_react,0.0,0.0,29985
5168,reflexion_react,1.0,1.0,2117
9670,reflexion_react,1.0,1.0,1931
5006,reflexion_react,1.0,1.0,3186
4425,reflexion_react,0.0,0.0,44632
2294,reflexion_react,0.0,0.0,31291
6464,reflexion_react,1.0,1.0,39329
8477,reflexion_react,1.0,1.0,1986
5871,reflexion_react,1.0,1.0,1956
232,reflexion_react,1.0,1.0,3194
880,reflexion_react,1.0,1.0,2128
9476,reflexion_react,1.0,1.0,2085
7051,reflexion_react,0.0,0.0,103927
5733,reflexion_react,1.0,1.0,3542
9370,reflexion_react,1.0,1.0,16339
8379,reflexion_react,1.0,1.0,2191
9395,reflexion_react,1.0,1.0,2089
2576,reflexion_react,1.0,1.0,2033
3095,reflexion_react,1.0,1.0,3860
3389,reflexion_react,1.0,1.0,5959
5501,reflexion_react,1.0,1.0,2102
7320,reflexion_react,1.0,1.0,2097
9459,reflexion_react,1.0,1.0,1990
9174,reflexion_react,0.0,0.0,67002
6696,reflexion_react,1.0,1.0,2191
273,reflexion_react,1.0,1.0,2058
9536,reflexion_react,1.0,1.0,9605
3550,reflexion_react,1.0,1.0,2003
2161,reflexion_react,1.0,1.0,25350
9989,reflexion_react,1.0,1.0,2016
5555,reflexion_react,1.0,1.0,1912
6747,reflexion_react,1.0,1.0,13957
244,reflexion_react,1.0,1.0,1887
9666,reflexion_react,1.0,1.0,2083
6849,reflexion_react,1.0,1.0,3054
5891,reflexion_react,0.0,0.0,53280
4320,reflexion_react,1.0,1.0,1956
3804,reflexion_react,1.0,1.0,4904
5440,reflexion_react,1.0,1.0,1963
6349,reflexion_react,1.0,1.0,1939
3015,reflexion_react,1.0,1.0,2019
6991,reflexion_react,0.0,0.0,30066
6526,reflexion_react,1.0,1.0,3098
16,reflexion_react,1.0,1.0,1988
3306,reflexion_react,1.0,1.0,3112
4885,reflexion_react,1.0,1.0,1992
7083,reflexion_react,1.0,1.0,12600
6971,reflexion_react,0.0,0.0,31708
4923,reflexion_react,1.0,1.0,1934
6829,reflexion_react,1.0,1.0,2004
2186,reflexion_react,0.0,0.0,30474
2107,reflexion_react,1.0,1.0,17020
3266,reflexion_react,1.0,1.0,3019
8571,reflexion_react,1.0,1.0,1996
846,reflexion_react,1.0,1.0,29917
7445,reflexion_react,0.0,0.0,100233
7831,reflexion_react,1.0,1.0,12104
8350,reflexion_react,0.0,0.0,32651
5855,reflexion_react,1.0,1.0,3165
8808,reflexion_react,1.0,1.0,3056
7423,reflexion_react,1.0,1.0,33896
9055,reflexion_react,1.0,1.0,14878
3547,reflexion_react,1.0,1.0,6668
9409,reflexion_react,1.0,1.0,2054
7989,reflexion_react,1.0,1.0,3206
41,reflexion_react,1.0,1.0,1959
4728,reflexion_react,1.0,1.0,4524
1594,reflexion_react,1.0,1.0,1996
669,reflexion_react,0.0,0.0,83317
3747,reflexion_react,1.0,1.0,2058
446,reflexion_react,1.0,1.0,23346
5030,reflexion_react,1.0,1.0,1977
5161,reflexion_react,0.0,0.0,34176
259,reflexion_react,1.0,1.0,3100
2703,reflexion_react,1.0,1.0,1916
8028,reflexion_react,1.0,1.0,51122
857,reflexion_react,1.0,1.0,1957
3604,reflexion_react,1.0,1.0,3179
3968,reflexion_react,1.0,1.0,2104
3069,reflexion_react,1.0,1.0,8312
9503,reflexion_react,0.0,0.0,30432
1208,reflexion_react,1.0,1.0,2090
7091,reflexion_react,1.0,1.0,3063
5552,reflexion_react,0.0,0.0,53145
9120,reflexion_react,1.0,1.0,4590
1746,reflexion_react,1.0,1.0,3193
806,reflexion_react,1.0,1.0,2129
226,reflexion_react,0.0,0.0,37520
1552,reflexion_react,1.0,1.0,1951
6753,reflexion_react,0.0,0.0,32057
9529,reflexion_react,0.0,0.0,79381
9202,reflexion_react,0.0,0.0,111470
7840,reflexion_react,1.0,1.0,1944
3284,reflexion_react,0.0,0.0,33293
5579,reflexion_react,1.0,1.0,3332
5971,reflexion_react,1.0,1.0,3168
1354,reflexion_react,1.0,1.0,2040
5816,reflexion_react,1.0,1.0,9661
7649,reflexion_react,0.0,0.0,31992
2146,reflexion_react,1.0,1.0,2014
7842,reflexion_react,1.0,1.0,2530
906,reflexion_react,1.0,1.0,2079
4974,reflexion_react,1.0,1.0,2197
394,reflexion_react,1.0,1.0,7988
1092,reflexion_react,1.0,1.0,15841
3169,reflexion_react,1.0,1.0,2344
1589,reflexion_react,1.0,1.0,38092
7899,reflexion_react,0.0,0.0,30910
3603,reflexion_react,0.0,0.0,32464
6996,reflexion_react,1.0,1.0,1976
8123,reflexion_react,1.0,1.0,1959
3817,reflexion_react,1.0,1.0,3366
5277,reflexion_react,1.0,1.0,2142
1098,reflexion_react,1.0,1.0,1995
4369,reflexion_react,1.0,1.0,44124
1402,reflexion_react,1.0,1.0,3249
2464,reflexion_react,0.0,0.0,49768
5090,reflexion_react,1.0,1.0,2017
8952,reflexion_react,1.0,1.0,3125
6031,reflexion_react,1.0,1.0,1990
7440,reflexion_react,0.0,0.0,30947
7717,reflexion_react,1.0,1.0,1982
5042,reflexion_react,0.0,0.0,82749
8075,reflexion_react,1.0,1.0,3076
1330,reflexion_react,1.0,1.0,2050
5762,reflexion_react,1.0,1.0,3059
7069,reflexion_react,1.0,1.0,3101
2577,reflexion_react,1.0,1.0,2079
7030,reflexion_react,1.0,1.0,1956
5163,reflexion_react,1.0,1.0,18027
4144,reflexion_react,1.0,1.0,3121
9172,reflexion_react,1.0,1.0,3216
3641,reflexion_react,0.0,0.0,81695
292,reflexion_react,1.0,1.0,2021
9768,reflexion_react,0.0,0.0,31650
1765,reflexion_react,1.0,1.0,2133
1726,reflexion_react,0.0,0.0,102826
7382,reflexion_react,1.0,1.0,4823
1887,reflexion_react,1.0,1.0,2074
3047,reflexion_react,1.0,1.0,1927
1936,reflexion_react,1.0,1.0,2047
3898,reflexion_react,1.0,1.0,3173
4221,reflexion_react,1.0,1.0,2057
7822,reflexion_react,1.0,1.0,9199
5229,reflexion_react,1.0,1.0,2141
7564,reflexion_react,0.0,0.0,90691
4993,reflexion_react,1.0,1.0,14985
1783,reflexion_react,1.0,1.0,2075
9724,reflexion_react,1.0,1.0,1962
8772,reflexion_react,1.0,1.0,2055
3020,reflexion_react,1.0,1.0,24309
2925,reflexion_react,0.0,0.0,32794
4125,reflexion_react,1.0,1.0,2034
8289,reflexion_react,1.0,1.0,9025
6406,reflexion_react,1.0,1.0,2063
1139,reflexion_react,1.0,1.0,2100
4210,reflexion_react,1.0,1.0,2071
227,reflexion_react,1.0,1.0,6693
1012,reflexion_react,1.0,1.0,1974
2639,reflexion_react,1.0,1.0,2407
8930,reflexion_react,1.0,1.0,3173
7336,reflexion_react,0.0,0.0,72996
4790,reflexion_react,0.0,0.0,98022
6638,reflexion_react,1.0,1.0,2023
1575,reflexion_react,0.0,0.0,37192
5343,reflexion_react,1.0,1.0,3079
2690,reflexion_react,1.0,1.0,14434
7428,reflexion_react,1.0,1.0,2056
642,reflexion_react,1.0,1.0,1990
1941,reflexion_react,0.0,0.0,42118
9612,reflexion_react,1.0,1.0,3101
1276,reflexion_react,0.0,0.0,43824
6111,reflexion_react,1.0,1.0,2286
1384,reflexion_react,1.0,1.0,3032
5302,reflexion_react,1.0,1.0,3150
3370,reflexion_react,1.0,1.0,3121
5092,reflexion_react,1.0,1.0,2036
8744,reflexion_react,1.0,1.0,1992
6798,reflexion_react,1.0,1.0,2040
609,reflexion_react,1.0,1.0,9217
8729,reflexion_react,1.0,1.0,4433
2990,reflexion_react,1.0,1.0,2062
1615,reflexion_react,1.0,1.0,1970
5378,reflexion_react,1.0,1.0,2137
4373,Trajectory-Conditioned Answer Revision (TCAR),0.0,0.0,4191
4411,Trajectory-Conditioned Answer Revision (TCAR),1.0,1.0,4916
7752,Trajectory-Conditioned Answer Revision (TCAR),1.0,1.0,13981
2078,Trajectory-Conditioned Answer Revision (TCAR),0.0,0.0,4714
7777,Trajectory-Conditioned Answer Revision (TCAR),1.0,1.0,4594
7398,Trajectory-Conditioned Answer Revision (TCAR),1.0,1.0,4380
2021,Trajectory-Conditioned Answer Revision (TCAR),1.0,1.0,5295
8755,Trajectory-Conditioned Answer Revision (TCAR),0.0,0.0,9050
4242,Trajectory-Conditioned Answer Revision (TCAR),1.0,1.0,5538
5880,Trajectory-Conditioned Answer Revision (TCAR),1.0,1.0,8910
4795,Trajectory-Conditioned Answer Revision (TCAR),1.0,1.0,4342
9500,Trajectory-Conditioned Answer Revision (TCAR),1.0,1.0,4193
344,Trajectory-Conditioned Answer Revision (TCAR),0.0,0.0,5295
2194,Trajectory-Conditioned Answer Revision (TCAR),0.0,0.0,12322
3125,Trajectory-Conditioned Answer Revision (TCAR),1.0,1.0,7284
7350,Trajectory-Conditioned Answer Revision (TCAR),0.0,0.0,4522
4187,Trajectory-Conditioned Answer Revision (TCAR),1.0,1.0,4501
1564,Trajectory-Conditioned Answer Revision (TCAR),1.0,1.0,5240
8501,Trajectory-Conditioned Answer Revision (TCAR),1.0,1.0,4256
7826,Trajectory-Conditioned Answer Revision (TCAR),1.0,1.0,5805
2634,Trajectory-Conditioned Answer Revision (TCAR),1.0,1.0,4366
6223,Trajectory-Conditioned Answer Revision (TCAR),1.0,1.0,4490
2939,Trajectory-Conditioned Answer Revision (TCAR),1.0,1.0,8501
7736,Trajectory-Conditioned Answer Revision (TCAR),0.0,0.0,9511
6431,Trajectory-Conditioned Answer Revision (TCAR),0.0,0.0,5437
8853,Trajectory-Conditioned Answer Revision (TCAR),1.0,1.0,5635
8292,Trajectory-Conditioned Answer Revision (TCAR),1.0,1.0,4295
4922,Trajectory-Conditioned Answer Revision (TCAR),1.0,1.0,5747
9578,Trajectory-Conditioned Answer Revision (TCAR),1.0,1.0,4386
6280,Trajectory-Conditioned Answer Revision (TCAR),1.0,1.0,8510
5545,Trajectory-Conditioned Answer Revision (TCAR),1.0,1.0,5728
8144,Trajectory-Conditioned Answer Revision (TCAR),0.0,0.0,4619
9250,Trajectory-Conditioned Answer Revision (TCAR),0.0,0.0,14832
2632,Trajectory-Conditioned Answer Revision (TCAR),1.0,1.0,4295
1652,Trajectory-Conditioned Answer Revision (TCAR),1.0,1.0,5636
234,Trajectory-Conditioned Answer Revision (TCAR),0.0,0.0,6739
5535,Trajectory-Conditioned Answer Revision (TCAR),1.0,1.0,4257
2432,Trajectory-Conditioned Answer Revision (TCAR),0.0,0.0,10290
3854,Trajectory-Conditioned Answer Revision (TCAR),1.0,1.0,4677
9696,Trajectory-Conditioned Answer Revision (TCAR),1.0,1.0,5635
1950,Trajectory-Conditioned Answer Revision (TCAR),1.0,1.0,4375
342,Trajectory-Conditioned Answer Revision (TCAR),1.0,1.0,5254
6116,Trajectory-Conditioned Answer Revision (TCAR),0.0,0.0,13472
6266,Trajectory-Conditioned Answer Revision (TCAR),1.0,1.0,5380
6686,Trajectory-Conditioned Answer Revision (TCAR),0.0,0.0,6517
4877,Trajectory-Conditioned Answer Revision (TCAR),1.0,1.0,13920
705,Trajectory-Conditioned Answer Revision (TCAR),1.0,1.0,4499
6245,Trajectory-Conditioned Answer Revision (TCAR),0.0,0.0,4353
2278,Trajectory-Conditioned Answer Revision (TCAR),1.0,1.0,13642
8642,Trajectory-Conditioned Answer Revision (TCAR),1.0,1.0,4079
644,Trajectory-Conditioned Answer Revision (TCAR),0.0,0.0,7002
2850,Trajectory-Conditioned Answer Revision (TCAR),1.0,1.0,4230
5903,Trajectory-Conditioned Answer Revision (TCAR),0.0,0.0,13179
150,Trajectory-Conditioned Answer Revision (TCAR),0.0,0.0,4295
7976,Trajectory-Conditioned Answer Revision (TCAR),0.0,0.0,10635
867,Trajectory-Conditioned Answer Revision (TCAR),1.0,1.0,6975
6248,Trajectory-Conditioned Answer Revision (TCAR),1.0,1.0,4321
8712,Trajectory-Conditioned Answer Revision (TCAR),1.0,1.0,4152
4260,Trajectory-Conditioned Answer Revision (TCAR),0.0,0.0,4310
4562,Trajectory-Conditioned Answer Revision (TCAR),1.0,1.0,4135
441,Trajectory-Conditioned Answer Revision (TCAR),1.0,1.0,5698
1019,Trajectory-Conditioned Answer Revision (TCAR),1.0,1.0,4641
4950,Trajectory-Conditioned Answer Revision (TCAR),1.0,1.0,4193
7521,Trajectory-Conditioned Answer Revision (TCAR),1.0,1.0,4686
4312,Trajectory-Conditioned Answer Revision (TCAR),1.0,1.0,4261
294,Trajectory-Conditioned Answer Revision (TCAR),1.0,1.0,4201
1613,Trajectory-Conditioned Answer Revision (TCAR),1.0,1.0,4291
5524,Trajectory-Conditioned Answer Revision (TCAR),0.0,0.0,4129
9836,Trajectory-Conditioned Answer Revision (TCAR),1.0,1.0,4201
7088,Trajectory-Conditioned Answer Revision (TCAR),1.0,1.0,4786
1413,Trajectory-Conditioned Answer Revision (TCAR),1.0,1.0,4312
6656,Trajectory-Conditioned Answer Revision (TCAR),1.0,1.0,4380
9954,Trajectory-Conditioned Answer Revision (TCAR),0.0,0.0,12550
9131,Trajectory-Conditioned Answer Revision (TCAR),0.0,0.0,5517
5917,Trajectory-Conditioned Answer Revision (TCAR),1.0,1.0,7200
6853,Trajectory-Conditioned Answer Revision (TCAR),0.0,0.0,11787
7884,Trajectory-Conditioned Answer Revision (TCAR),1.0,1.0,3969
1068,Trajectory-Conditioned Answer Revision (TCAR),0.0,0.0,4265
470,Trajectory-Conditioned Answer Revision (TCAR),0.0,0.0,5879
4007,Trajectory-Conditioned Answer Revision (TCAR),1.0,1.0,4232
9761,Trajectory-Conditioned Answer Revision (TCAR),1.0,1.0,4325
2114,Trajectory-Conditioned Answer Revision (TCAR),1.0,1.0,4173
8199,Trajectory-Conditioned Answer Revision (TCAR),1.0,1.0,4155
3905,Trajectory-Conditioned Answer Revision (TCAR),1.0,1.0,12261
4218,Trajectory-Conditioned Answer Revision (TCAR),0.0,0.0,4600
2019,Trajectory-Conditioned Answer Revision (TCAR),1.0,1.0,4401
7525,Trajectory-Conditioned Answer Revision (TCAR),1.0,1.0,7430
3148,Trajectory-Conditioned Answer Revision (TCAR),0.0,0.0,12514
1924,Trajectory-Conditioned Answer Revision (TCAR),1.0,1.0,4454
4921,Trajectory-Conditioned Answer Revision (TCAR),1.0,1.0,4217
4410,Trajectory-Conditioned Answer Revision (TCAR),1.0,1.0,5502
2778,Trajectory-Conditioned Answer Revision (TCAR),1.0,1.0,4505
7732,Trajectory-Conditioned Answer Revision (TCAR),1.0,1.0,4259
3121,Trajectory-Conditioned Answer Revision (TCAR),1.0,1.0,4184
8565,Trajectory-Conditioned Answer Revision (TCAR),0.0,0.0,4196
5516,Trajectory-Conditioned Answer Revision (TCAR),0.0,0.0,4316
6857,Trajectory-Conditioned Answer Revision (TCAR),0.0,0.0,4640
4508,Trajectory-Conditioned Answer Revision (TCAR),1.0,1.0,4051
4025,Trajectory-Conditioned Answer Revision (TCAR),1.0,1.0,4022
6521,Trajectory-Conditioned Answer Revision (TCAR),0.0,0.0,4256
9396,Trajectory-Conditioned Answer Revision (TCAR),1.0,1.0,4607
7968,Trajectory-Conditioned Answer Revision (TCAR),0.0,0.0,9344
3,Trajectory-Conditioned Answer Revision (TCAR),0.0,0.0,4145
1495,Trajectory-Conditioned Answer Revision (TCAR),1.0,1.0,9015
7554,Trajectory-Conditioned Answer Revision (TCAR),1.0,1.0,4271
8074,Trajectory-Conditioned Answer Revision (TCAR),0.0,0.0,14099
2324,Trajectory-Conditioned Answer Revision (TCAR),1.0,1.0,4179
2406,Trajectory-Conditioned Answer Revision (TCAR),1.0,1.0,4107
699,Trajectory-Conditioned Answer Revision (TCAR),0.0,0.0,5314
5805,Trajectory-Conditioned Answer Revision (TCAR),1.0,1.0,12257
9070,Trajectory-Conditioned Answer Revision (TCAR),1.0,1.0,4210
2168,Trajectory-Conditioned Answer Revision (TCAR),1.0,1.0,12992
4086,Trajectory-Conditioned Answer Revision (TCAR),1.0,1.0,4383
8586,Trajectory-Conditioned Answer Revision (TCAR),0.0,0.0,8761
3675,Trajectory-Conditioned Answer Revision (TCAR),1.0,1.0,5365
7916,Trajectory-Conditioned Answer Revision (TCAR),1.0,1.0,4377
7103,Trajectory-Conditioned Answer Revision (TCAR),1.0,1.0,4264
4079,Trajectory-Conditioned Answer Revision (TCAR),0.0,0.0,4618
1857,Trajectory-Conditioned Answer Revision (TCAR),1.0,1.0,4198
3351,Trajectory-Conditioned Answer Revision (TCAR),0.0,0.0,5409
9800,Trajectory-Conditioned Answer Revision (TCAR),0.0,0.0,12561
2693,Trajectory-Conditioned Answer Revision (TCAR),1.0,1.0,5538
2119,Trajectory-Conditioned Answer Revision (TCAR),0.0,0.0,4770
44,Trajectory-Conditioned Answer Revision (TCAR),1.0,1.0,9297
4452,Trajectory-Conditioned Answer Revision (TCAR),1.0,1.0,4250
9903,Trajectory-Conditioned Answer Revision (TCAR),0.0,0.0,4210
2548,Trajectory-Conditioned Answer Revision (TCAR),0.0,0.0,4585
8675,Trajectory-Conditioned Answer Revision (TCAR),0.0,0.0,4266
7355,Trajectory-Conditioned Answer Revision (TCAR),1.0,1.0,4365
4326,Trajectory-Conditioned Answer Revision (TCAR),1.0,1.0,5253
3691,Trajectory-Conditioned Answer Revision (TCAR),1.0,1.0,4600
3568,Trajectory-Conditioned Answer Revision (TCAR),1.0,1.0,4302
762,Trajectory-Conditioned Answer Revision (TCAR),1.0,1.0,4233
2492,Trajectory-Conditioned Answer Revision (TCAR),0.0,0.0,5987
9445,Trajectory-Conditioned Answer Revision (TCAR),1.0,1.0,5385
7187,Trajectory-Conditioned Answer Revision (TCAR),0.0,0.0,9000
8129,Trajectory-Conditioned Answer Revision (TCAR),1.0,1.0,4361
6454,Trajectory-Conditioned Answer Revision (TCAR),1.0,1.0,4203
6886,Trajectory-Conditioned Answer Revision (TCAR),1.0,1.0,4268
1023,Trajectory-Conditioned Answer Revision (TCAR),0.0,0.0,7650
9981,Trajectory-Conditioned Answer Revision (TCAR),1.0,1.0,4276
8921,Trajectory-Conditioned Answer Revision (TCAR),1.0,1.0,4702
7674,Trajectory-Conditioned Answer Revision (TCAR),1.0,1.0,5498
2073,Trajectory-Conditioned Answer Revision (TCAR),0.0,0.0,12266
6466,Trajectory-Conditioned Answer Revision (TCAR),0.0,0.0,4589
6455,Trajectory-Conditioned Answer Revision (TCAR),1.0,1.0,8928
8956,Trajectory-Conditioned Answer Revision (TCAR),0.0,0.0,4661
3445,Trajectory-Conditioned Answer Revision (TCAR),1.0,1.0,4713
380,Trajectory-Conditioned Answer Revision (TCAR),0.0,0.0,4413
3018,Trajectory-Conditioned Answer Revision (TCAR),1.0,1.0,4369
5620,Trajectory-Conditioned Answer Revision (TCAR),0.0,0.0,5987
9889,Trajectory-Conditioned Answer Revision (TCAR),0.0,0.0,4189
5798,Trajectory-Conditioned Answer Revision (TCAR),1.0,1.0,4401
6458,Trajectory-Conditioned Answer Revision (TCAR),1.0,1.0,4140
9581,Trajectory-Conditioned Answer Revision (TCAR),0.0,0.0,13408
4608,Trajectory-Conditioned Answer Revision (TCAR),1.0,1.0,5522
225,Trajectory-Conditioned Answer Revision (TCAR),1.0,1.0,4140
3655,Trajectory-Conditioned Answer Revision (TCAR),1.0,1.0,12489
3831,Trajectory-Conditioned Answer Revision (TCAR),1.0,1.0,4572
1205,Trajectory-Conditioned Answer Revision (TCAR),1.0,1.0,4247
5373,Trajectory-Conditioned Answer Revision (TCAR),0.0,0.0,10007
2350,Trajectory-Conditioned Answer Revision (TCAR),1.0,1.0,5288
5728,Trajectory-Conditioned Answer Revision (TCAR),1.0,1.0,4234
1994,Trajectory-Conditioned Answer Revision (TCAR),0.0,0.0,4217
7409,Trajectory-Conditioned Answer Revision (TCAR),0.0,0.0,4113
2657,Trajectory-Conditioned Answer Revision (TCAR),1.0,1.0,4133
8960,Trajectory-Conditioned Answer Revision (TCAR),1.0,1.0,5372
8632,Trajectory-Conditioned Answer Revision (TCAR),1.0,1.0,4358
1789,Trajectory-Conditioned Answer Revision (TCAR),1.0,1.0,5313
8370,Trajectory-Conditioned Answer Revision (TCAR),1.0,1.0,4640
9965,Trajectory-Conditioned Answer Revision (TCAR),0.0,0.0,8206
1065,Trajectory-Conditioned Answer Revision (TCAR),1.0,1.0,14388
81,Trajectory-Conditioned Answer Revision (TCAR),0.0,0.0,4190
3581,Trajectory-Conditioned Answer Revision (TCAR),1.0,1.0,4255
4226,Trajectory-Conditioned Answer Revision (TCAR),0.0,0.0,13355
9322,Trajectory-Conditioned Answer Revision (TCAR),1.0,1.0,4339
8303,Trajectory-Conditioned Answer Revision (TCAR),1.0,1.0,5589
6932,Trajectory-Conditioned Answer Revision (TCAR),0.0,0.0,4747
9498,Trajectory-Conditioned Answer Revision (TCAR),1.0,1.0,5067
5381,Trajectory-Conditioned Answer Revision (TCAR),1.0,1.0,4199
4080,Trajectory-Conditioned Answer Revision (TCAR),1.0,1.0,5304
9871,Trajectory-Conditioned Answer Revision (TCAR),1.0,1.0,11784
2985,Trajectory-Conditioned Answer Revision (TCAR),1.0,1.0,4482
5364,Trajectory-Conditioned Answer Revision (TCAR),1.0,1.0,4375
120,Trajectory-Conditioned Answer Revision (TCAR),1.0,1.0,4412
9141,Trajectory-Conditioned Answer Revision (TCAR),1.0,1.0,5547
4324,Trajectory-Conditioned Answer Revision (TCAR),0.0,0.0,5688
7309,Trajectory-Conditioned Answer Revision (TCAR),1.0,1.0,4228
1527,Trajectory-Conditioned Answer Revision (TCAR),1.0,1.0,5506
7706,Trajectory-Conditioned Answer Revision (TCAR),1.0,1.0,4841
7453,Trajectory-Conditioned Answer Revision (TCAR),1.0,1.0,5781
6544,Trajectory-Conditioned Answer Revision (TCAR),1.0,1.0,4321
3255,Trajectory-Conditioned Answer Revision (TCAR),0.0,0.0,10629
6047,Trajectory-Conditioned Answer Revision (TCAR),1.0,1.0,9351
8422,Trajectory-Conditioned Answer Revision (TCAR),1.0,1.0,4407
7587,Trajectory-Conditioned Answer Revision (TCAR),1.0,1.0,5400
8275,Trajectory-Conditioned Answer Revision (TCAR),0.0,0.0,3955
9923,Trajectory-Conditioned Answer Revision (TCAR),1.0,1.0,4458
1419,Trajectory-Conditioned Answer Revision (TCAR),1.0,1.0,4165
6066,Trajectory-Conditioned Answer Revision (TCAR),1.0,1.0,4214
9359,Trajectory-Conditioned Answer Revision (TCAR),0.0,0.0,4257
7169,Trajectory-Conditioned Answer Revision (TCAR),1.0,1.0,5443
9109,Trajectory-Conditioned Answer Revision (TCAR),1.0,1.0,5505
905,Trajectory-Conditioned Answer Revision (TCAR),1.0,1.0,8282
4645,Trajectory-Conditioned Answer Revision (TCAR),1.0,1.0,12164
430,Trajectory-Conditioned Answer Revision (TCAR),1.0,1.0,4159
619,Trajectory-Conditioned Answer Revision (TCAR),0.0,0.0,5561
285,Trajectory-Conditioned Answer Revision (TCAR),1.0,1.0,4205
6739,Trajectory-Conditioned Answer Revision (TCAR),0.0,0.0,4192
5493,Trajectory-Conditioned Answer Revision (TCAR),1.0,1.0,4191
8766,Trajectory-Conditioned Answer Revision (TCAR),1.0,1.0,5160
2667,Trajectory-Conditioned Answer Revision (TCAR),0.0,0.0,4410
3750,Trajectory-Conditioned Answer Revision (TCAR),1.0,1.0,4357
5960,Trajectory-Conditioned Answer Revision (TCAR),1.0,1.0,4297
9634,Trajectory-Conditioned Answer Revision (TCAR),0.0,0.0,10463
3667,Trajectory-Conditioned Answer Revision (TCAR),1.0,1.0,4196
8684,Trajectory-Conditioned Answer Revision (TCAR),0.0,0.0,12944
9428,Trajectory-Conditioned Answer Revision (TCAR),0.0,0.0,4075
4805,Trajectory-Conditioned Answer Revision (TCAR),0.0,0.0,4544
7858,Trajectory-Conditioned Answer Revision (TCAR),1.0,1.0,5338
2745,Trajectory-Conditioned Answer Revision (TCAR),0.0,0.0,4178
7236,Trajectory-Conditioned Answer Revision (TCAR),0.0,0.0,13987
5536,Trajectory-Conditioned Answer Revision (TCAR),0.0,0.0,6275
3546,Trajectory-Conditioned Answer Revision (TCAR),1.0,1.0,4402
9454,Trajectory-Conditioned Answer Revision (TCAR),0.0,0.0,4259
193,Trajectory-Conditioned Answer Revision (TCAR),1.0,1.0,6639
4,Trajectory-Conditioned Answer Revision (TCAR),1.0,1.0,4144
6617,Trajectory-Conditioned Answer Revision (TCAR),0.0,0.0,13498
6348,Trajectory-Conditioned Answer Revision (TCAR),1.0,1.0,4658
1399,Trajectory-Conditioned Answer Revision (TCAR),1.0,1.0,5420
527,Trajectory-Conditioned Answer Revision (TCAR),1.0,1.0,4251
5217,Trajectory-Conditioned Answer Revision (TCAR),0.0,0.0,4539
8256,Trajectory-Conditioned Answer Revision (TCAR),0.0,0.0,4299
8100,Trajectory-Conditioned Answer Revision (TCAR),1.0,1.0,5725
8566,Trajectory-Conditioned Answer Revision (TCAR),1.0,1.0,11922
7795,Trajectory-Conditioned Answer Revision (TCAR),1.0,1.0,4681
2594,Trajectory-Conditioned Answer Revision (TCAR),1.0,1.0,5505
9341,Trajectory-Conditioned Answer Revision (TCAR),0.0,0.0,4635
5031,Trajectory-Conditioned Answer Revision (TCAR),0.0,0.0,5671
2692,Trajectory-Conditioned Answer Revision (TCAR),0.0,0.0,5512
9136,Trajectory-Conditioned Answer Revision (TCAR),1.0,1.0,4189
1952,Trajectory-Conditioned Answer Revision (TCAR),1.0,1.0,4146
9769,Trajectory-Conditioned Answer Revision (TCAR),0.0,0.0,5593
4159,Trajectory-Conditioned Answer Revision (TCAR),1.0,1.0,4199
7978,Trajectory-Conditioned Answer Revision (TCAR),1.0,1.0,4183
7365,Trajectory-Conditioned Answer Revision (TCAR),0.0,0.0,4145
6837,Trajectory-Conditioned Answer Revision (TCAR),0.0,0.0,13820
693,Trajectory-Conditioned Answer Revision (TCAR),0.0,0.0,7390
1412,Trajectory-Conditioned Answer Revision (TCAR),1.0,1.0,4343
9337,Trajectory-Conditioned Answer Revision (TCAR),1.0,1.0,5862
558,Trajectory-Conditioned Answer Revision (TCAR),0.0,0.0,4186
5629,Trajectory-Conditioned Answer Revision (TCAR),0.0,0.0,6746
1178,Trajectory-Conditioned Answer Revision (TCAR),0.0,0.0,5152
3026,Trajectory-Conditioned Answer Revision (TCAR),0.0,0.0,11601
5518,Trajectory-Conditioned Answer Revision (TCAR),0.0,0.0,4882
1122,Trajectory-Conditioned Answer Revision (TCAR),1.0,1.0,4244
1347,Trajectory-Conditioned Answer Revision (TCAR),1.0,1.0,4140
8720,Trajectory-Conditioned Answer Revision (TCAR),1.0,1.0,2907
3017,Trajectory-Conditioned Answer Revision (TCAR),1.0,1.0,4260
913,Trajectory-Conditioned Answer Revision (TCAR),0.0,0.0,6927
4832,Trajectory-Conditioned Answer Revision (TCAR),1.0,1.0,5688
2570,Trajectory-Conditioned Answer Revision (TCAR),1.0,1.0,4133
1680,Trajectory-Conditioned Answer Revision (TCAR),1.0,1.0,7245
7539,Trajectory-Conditioned Answer Revision (TCAR),1.0,1.0,4228
4328,Trajectory-Conditioned Answer Revision (TCAR),0.0,0.0,4108
7847,Trajectory-Conditioned Answer Revision (TCAR),0.0,0.0,4110
6579,Trajectory-Conditioned Answer Revision (TCAR),1.0,1.0,5352
6331,Trajectory-Conditioned Answer Revision (TCAR),1.0,1.0,4080
5922,Trajectory-Conditioned Answer Revision (TCAR),0.0,0.0,13005
5352,Trajectory-Conditioned Answer Revision (TCAR),0.0,0.0,4245
6447,Trajectory-Conditioned Answer Revision (TCAR),1.0,1.0,5275
9767,Trajectory-Conditioned Answer Revision (TCAR),1.0,1.0,13473
8806,Trajectory-Conditioned Answer Revision (TCAR),1.0,1.0,5719
4027,Trajectory-Conditioned Answer Revision (TCAR),1.0,1.0,4120
1720,Trajectory-Conditioned Answer Revision (TCAR),1.0,1.0,7630
5025,Trajectory-Conditioned Answer Revision (TCAR),1.0,1.0,5398
4062,Trajectory-Conditioned Answer Revision (TCAR),1.0,1.0,4360
3764,Trajectory-Conditioned Answer Revision (TCAR),0.0,0.0,12404
2729,Trajectory-Conditioned Answer Revision (TCAR),1.0,1.0,4381
6165,Trajectory-Conditioned Answer Revision (TCAR),1.0,1.0,4152
1404,Trajectory-Conditioned Answer Revision (TCAR),1.0,1.0,5462
2623,Trajectory-Conditioned Answer Revision (TCAR),0.0,0.0,4730
4099,Trajectory-Conditioned Answer Revision (TCAR),1.0,1.0,13710
754,Trajectory-Conditioned Answer Revision (TCAR),0.0,0.0,14069
825,Trajectory-Conditioned Answer Revision (TCAR),0.0,0.0,8419
1738,Trajectory-Conditioned Answer Revision (TCAR),1.0,1.0,4168
6224,Trajectory-Conditioned Answer Revision (TCAR),1.0,1.0,6006
6535,Trajectory-Conditioned Answer Revision (TCAR),1.0,1.0,7189
7832,Trajectory-Conditioned Answer Revision (TCAR),1.0,1.0,4258
4754,Trajectory-Conditioned Answer Revision (TCAR),1.0,1.0,4203
633,Trajectory-Conditioned Answer Revision (TCAR),0.0,0.0,5908
3823,Trajectory-Conditioned Answer Revision (TCAR),1.0,1.0,12708
6087,Trajectory-Conditioned Answer Revision (TCAR),1.0,1.0,4282
4992,Trajectory-Conditioned Answer Revision (TCAR),0.0,0.0,10380
8661,Trajectory-Conditioned Answer Revision (TCAR),0.0,0.0,4248
5954,Trajectory-Conditioned Answer Revision (TCAR),1.0,1.0,4395
927,Trajectory-Conditioned Answer Revision (TCAR),1.0,1.0,5430
7288,Trajectory-Conditioned Answer Revision (TCAR),0.0,0.0,4766
5166,Trajectory-Conditioned Answer Revision (TCAR),0.0,0.0,10570
818,Trajectory-Conditioned Answer Revision (TCAR),1.0,1.0,5279
9794,Trajectory-Conditioned Answer Revision (TCAR),1.0,1.0,4116
8747,Trajectory-Conditioned Answer Revision (TCAR),1.0,1.0,7371
7196,Trajectory-Conditioned Answer Revision (TCAR),0.0,0.0,4167
9356,Trajectory-Conditioned Answer Revision (TCAR),0.0,0.0,4859
546,Trajectory-Conditioned Answer Revision (TCAR),1.0,1.0,12275
4091,Trajectory-Conditioned Answer Revision (TCAR),1.0,1.0,4292
4384,Trajectory-Conditioned Answer Revision (TCAR),1.0,1.0,4154
3254,Trajectory-Conditioned Answer Revision (TCAR),1.0,1.0,4459
3053,Trajectory-Conditioned Answer Revision (TCAR),1.0,1.0,12872
404,Trajectory-Conditioned Answer Revision (TCAR),1.0,1.0,3952
6611,Trajectory-Conditioned Answer Revision (TCAR),1.0,1.0,4193
8847,Trajectory-Conditioned Answer Revision (TCAR),1.0,1.0,4339
2919,Trajectory-Conditioned Answer Revision (TCAR),0.0,0.0,4539
1167,Trajectory-Conditioned Answer Revision (TCAR),1.0,1.0,5767
8408,Trajectory-Conditioned Answer Revision (TCAR),1.0,1.0,10974
5972,Trajectory-Conditioned Answer Revision (TCAR),0.0,0.0,12908
6036,Trajectory-Conditioned Answer Revision (TCAR),0.0,0.0,4197
5168,Trajectory-Conditioned Answer Revision (TCAR),1.0,1.0,4440
9670,Trajectory-Conditioned Answer Revision (TCAR),1.0,1.0,4491
5006,Trajectory-Conditioned Answer Revision (TCAR),1.0,1.0,11766
4425,Trajectory-Conditioned Answer Revision (TCAR),1.0,1.0,8301
2294,Trajectory-Conditioned Answer Revision (TCAR),0.0,0.0,4420
6464,Trajectory-Conditioned Answer Revision (TCAR),0.0,0.0,11885
8477,Trajectory-Conditioned Answer Revision (TCAR),1.0,1.0,4165
5871,Trajectory-Conditioned Answer Revision (TCAR),1.0,1.0,4157
232,Trajectory-Conditioned Answer Revision (TCAR),1.0,1.0,7423
880,Trajectory-Conditioned Answer Revision (TCAR),1.0,1.0,4444
9476,Trajectory-Conditioned Answer Revision (TCAR),1.0,1.0,4353
7051,Trajectory-Conditioned Answer Revision (TCAR),0.0,0.0,11761
5733,Trajectory-Conditioned Answer Revision (TCAR),1.0,1.0,6062
9370,Trajectory-Conditioned Answer Revision (TCAR),0.0,0.0,5659
8379,Trajectory-Conditioned Answer Revision (TCAR),1.0,1.0,4614
9395,Trajectory-Conditioned Answer Revision (TCAR),1.0,1.0,4378
2576,Trajectory-Conditioned Answer Revision (TCAR),1.0,1.0,4247
3095,Trajectory-Conditioned Answer Revision (TCAR),1.0,1.0,6104
3389,Trajectory-Conditioned Answer Revision (TCAR),1.0,1.0,4122
5501,Trajectory-Conditioned Answer Revision (TCAR),1.0,1.0,4393
7320,Trajectory-Conditioned Answer Revision (TCAR),1.0,1.0,4374
9459,Trajectory-Conditioned Answer Revision (TCAR),1.0,1.0,4161
9174,Trajectory-Conditioned Answer Revision (TCAR),0.0,0.0,5671
6696,Trajectory-Conditioned Answer Revision (TCAR),1.0,1.0,4570
273,Trajectory-Conditioned Answer Revision (TCAR),0.0,0.0,4397
9536,Trajectory-Conditioned Answer Revision (TCAR),1.0,1.0,12475
3550,Trajectory-Conditioned Answer Revision (TCAR),1.0,1.0,4182
2161,Trajectory-Conditioned Answer Revision (TCAR),1.0,1.0,4371
9989,Trajectory-Conditioned Answer Revision (TCAR),1.0,1.0,4225
5555,Trajectory-Conditioned Answer Revision (TCAR),0.0,0.0,4378
6747,Trajectory-Conditioned Answer Revision (TCAR),1.0,1.0,4292
244,Trajectory-Conditioned Answer Revision (TCAR),1.0,1.0,4001
9666,Trajectory-Conditioned Answer Revision (TCAR),1.0,1.0,4354
6849,Trajectory-Conditioned Answer Revision (TCAR),1.0,1.0,5320
5891,Trajectory-Conditioned Answer Revision (TCAR),0.0,0.0,7178
4320,Trajectory-Conditioned Answer Revision (TCAR),1.0,1.0,4098
3804,Trajectory-Conditioned Answer Revision (TCAR),1.0,1.0,7555
5440,Trajectory-Conditioned Answer Revision (TCAR),1.0,1.0,4121
6349,Trajectory-Conditioned Answer Revision (TCAR),1.0,1.0,4102
3015,Trajectory-Conditioned Answer Revision (TCAR),1.0,1.0,4224
6991,Trajectory-Conditioned Answer Revision (TCAR),0.0,0.0,4152
6526,Trajectory-Conditioned Answer Revision (TCAR),1.0,1.0,4119
16,Trajectory-Conditioned Answer Revision (TCAR),0.0,0.0,4491
3306,Trajectory-Conditioned Answer Revision (TCAR),1.0,1.0,5374
4885,Trajectory-Conditioned Answer Revision (TCAR),1.0,1.0,4196
7083,Trajectory-Conditioned Answer Revision (TCAR),1.0,1.0,7341
6971,Trajectory-Conditioned Answer Revision (TCAR),0.0,0.0,4238
4923,Trajectory-Conditioned Answer Revision (TCAR),1.0,1.0,4035
6829,Trajectory-Conditioned Answer Revision (TCAR),1.0,1.0,4191
2186,Trajectory-Conditioned Answer Revision (TCAR),1.0,1.0,4356
2107,Trajectory-Conditioned Answer Revision (TCAR),1.0,1.0,10270
3266,Trajectory-Conditioned Answer Revision (TCAR),1.0,1.0,5259
8571,Trajectory-Conditioned Answer Revision (TCAR),1.0,1.0,4162
846,Trajectory-Conditioned Answer Revision (TCAR),0.0,0.0,13181
7445,Trajectory-Conditioned Answer Revision (TCAR),0.0,0.0,5960
7831,Trajectory-Conditioned Answer Revision (TCAR),0.0,0.0,7522
8350,Trajectory-Conditioned Answer Revision (TCAR),0.0,0.0,4400
5855,Trajectory-Conditioned Answer Revision (TCAR),1.0,1.0,5511
8808,Trajectory-Conditioned Answer Revision (TCAR),1.0,1.0,5301
7423,Trajectory-Conditioned Answer Revision (TCAR),0.0,0.0,14140
9055,Trajectory-Conditioned Answer Revision (TCAR),0.0,0.0,5360
3547,Trajectory-Conditioned Answer Revision (TCAR),1.0,1.0,4527
9409,Trajectory-Conditioned Answer Revision (TCAR),1.0,1.0,4290
7989,Trajectory-Conditioned Answer Revision (TCAR),1.0,1.0,5568
41,Trajectory-Conditioned Answer Revision (TCAR),0.0,0.0,4561
4728,Trajectory-Conditioned Answer Revision (TCAR),0.0,0.0,0
1594,Trajectory-Conditioned Answer Revision (TCAR),1.0,1.0,4233
669,Trajectory-Conditioned Answer Revision (TCAR),0.0,0.0,4272
3747,Trajectory-Conditioned Answer Revision (TCAR),1.0,1.0,4350
446,Trajectory-Conditioned Answer Revision (TCAR),0.0,0.0,5931
5030,Trajectory-Conditioned Answer Revision (TCAR),1.0,1.0,4177
5161,Trajectory-Conditioned Answer Revision (TCAR),0.0,0.0,4368
259,Trajectory-Conditioned Answer Revision (TCAR),1.0,1.0,5452
2703,Trajectory-Conditioned Answer Revision (TCAR),0.0,0.0,4163
8028,Trajectory-Conditioned Answer Revision (TCAR),0.0,0.0,12743
857,Trajectory-Conditioned Answer Revision (TCAR),1.0,1.0,4087
3604,Trajectory-Conditioned Answer Revision (TCAR),1.0,1.0,5512
3968,Trajectory-Conditioned Answer Revision (TCAR),1.0,1.0,4350
3069,Trajectory-Conditioned Answer Revision (TCAR),0.0,0.0,13152
9503,Trajectory-Conditioned Answer Revision (TCAR),0.0,0.0,4076
1208,Trajectory-Conditioned Answer Revision (TCAR),0.0,0.0,4419
7091,Trajectory-Conditioned Answer Revision (TCAR),1.0,1.0,5767
5552,Trajectory-Conditioned Answer Revision (TCAR),0.0,0.0,5644
9120,Trajectory-Conditioned Answer Revision (TCAR),1.0,1.0,5637
1746,Trajectory-Conditioned Answer Revision (TCAR),1.0,1.0,10816
806,Trajectory-Conditioned Answer Revision (TCAR),1.0,1.0,4487
226,Trajectory-Conditioned Answer Revision (TCAR),0.0,0.0,4189
1552,Trajectory-Conditioned Answer Revision (TCAR),1.0,1.0,4544
6753,Trajectory-Conditioned Answer Revision (TCAR),0.0,0.0,4249
9529,Trajectory-Conditioned Answer Revision (TCAR),0.0,0.0,11803
9202,Trajectory-Conditioned Answer Revision (TCAR),0.0,0.0,13207
7840,Trajectory-Conditioned Answer Revision (TCAR),1.0,1.0,4149
3284,Trajectory-Conditioned Answer Revision (TCAR),0.0,0.0,4233
5579,Trajectory-Conditioned Answer Revision (TCAR),1.0,1.0,6015
5971,Trajectory-Conditioned Answer Revision (TCAR),1.0,1.0,5531
1354,Trajectory-Conditioned Answer Revision (TCAR),1.0,1.0,4268
5816,Trajectory-Conditioned Answer Revision (TCAR),1.0,1.0,13081
7649,Trajectory-Conditioned Answer Revision (TCAR),0.0,0.0,4296
2146,Trajectory-Conditioned Answer Revision (TCAR),1.0,1.0,4246
7842,Trajectory-Conditioned Answer Revision (TCAR),1.0,1.0,5259
906,Trajectory-Conditioned Answer Revision (TCAR),1.0,1.0,5526
4974,Trajectory-Conditioned Answer Revision (TCAR),1.0,1.0,4581
394,Trajectory-Conditioned Answer Revision (TCAR),0.0,0.0,4548
1092,Trajectory-Conditioned Answer Revision (TCAR),0.0,0.0,5432
3169,Trajectory-Conditioned Answer Revision (TCAR),1.0,1.0,4851
1589,Trajectory-Conditioned Answer Revision (TCAR),0.0,0.0,4532
7899,Trajectory-Conditioned Answer Revision (TCAR),0.0,0.0,4145
3603,Trajectory-Conditioned Answer Revision (TCAR),1.0,1.0,4792
6996,Trajectory-Conditioned Answer Revision (TCAR),1.0,1.0,4140
8123,Trajectory-Conditioned Answer Revision (TCAR),1.0,1.0,4096
3817,Trajectory-Conditioned Answer Revision (TCAR),1.0,1.0,4061
5277,Trajectory-Conditioned Answer Revision (TCAR),1.0,1.0,4913
1098,Trajectory-Conditioned Answer Revision (TCAR),1.0,1.0,4171
4369,Trajectory-Conditioned Answer Revision (TCAR),0.0,0.0,11351
1402,Trajectory-Conditioned Answer Revision (TCAR),1.0,1.0,5656
2464,Trajectory-Conditioned Answer Revision (TCAR),0.0,0.0,5886
5090,Trajectory-Conditioned Answer Revision (TCAR),1.0,1.0,4255
8952,Trajectory-Conditioned Answer Revision (TCAR),1.0,1.0,5425
6031,Trajectory-Conditioned Answer Revision (TCAR),1.0,1.0,4181
7440,Trajectory-Conditioned Answer Revision (TCAR),0.0,0.0,4087
7717,Trajectory-Conditioned Answer Revision (TCAR),1.0,1.0,4603
5042,Trajectory-Conditioned Answer Revision (TCAR),0.0,0.0,4216
8075,Trajectory-Conditioned Answer Revision (TCAR),1.0,1.0,5421
1330,Trajectory-Conditioned Answer Revision (TCAR),1.0,1.0,4270
5762,Trajectory-Conditioned Answer Revision (TCAR),1.0,1.0,5334
7069,Trajectory-Conditioned Answer Revision (TCAR),1.0,1.0,5435
2577,Trajectory-Conditioned Answer Revision (TCAR),1.0,1.0,4358
7030,Trajectory-Conditioned Answer Revision (TCAR),1.0,1.0,4132
5163,Trajectory-Conditioned Answer Revision (TCAR),0.0,0.0,7383
4144,Trajectory-Conditioned Answer Revision (TCAR),1.0,1.0,5424
9172,Trajectory-Conditioned Answer Revision (TCAR),1.0,1.0,5600
3641,Trajectory-Conditioned Answer Revision (TCAR),0.0,0.0,12108
292,Trajectory-Conditioned Answer Revision (TCAR),1.0,1.0,4209
9768,Trajectory-Conditioned Answer Revision (TCAR),0.0,0.0,4300
1765,Trajectory-Conditioned Answer Revision (TCAR),0.0,0.0,4552
1726,Trajectory-Conditioned Answer Revision (TCAR),0.0,0.0,12254
7382,Trajectory-Conditioned Answer Revision (TCAR),1.0,1.0,7419
1887,Trajectory-Conditioned Answer Revision (TCAR),1.0,1.0,4310
3047,Trajectory-Conditioned Answer Revision (TCAR),1.0,1.0,4496
1936,Trajectory-Conditioned Answer Revision (TCAR),0.0,0.0,4427
3898,Trajectory-Conditioned Answer Revision (TCAR),1.0,1.0,5527
4221,Trajectory-Conditioned Answer Revision (TCAR),1.0,1.0,4297
7822,Trajectory-Conditioned Answer Revision (TCAR),1.0,1.0,7155
5229,Trajectory-Conditioned Answer Revision (TCAR),1.0,1.0,4476
7564,Trajectory-Conditioned Answer Revision (TCAR),0.0,0.0,11348
4993,Trajectory-Conditioned Answer Revision (TCAR),0.0,0.0,5537
1783,Trajectory-Conditioned Answer Revision (TCAR),1.0,1.0,4314
9724,Trajectory-Conditioned Answer Revision (TCAR),0.0,0.0,4230
8772,Trajectory-Conditioned Answer Revision (TCAR),1.0,1.0,4725
3020,Trajectory-Conditioned Answer Revision (TCAR),0.0,0.0,5546
2925,Trajectory-Conditioned Answer Revision (TCAR),0.0,0.0,4313
4125,Trajectory-Conditioned Answer Revision (TCAR),1.0,1.0,4278
8289,Trajectory-Conditioned Answer Revision (TCAR),0.0,0.0,10005
6406,Trajectory-Conditioned Answer Revision (TCAR),1.0,1.0,4310
1139,Trajectory-Conditioned Answer Revision (TCAR),1.0,1.0,4391
4210,Trajectory-Conditioned Answer Revision (TCAR),1.0,1.0,4342
227,Trajectory-Conditioned Answer Revision (TCAR),0.0,0.0,4427
1012,Trajectory-Conditioned Answer Revision (TCAR),1.0,1.0,4225
2639,Trajectory-Conditioned Answer Revision (TCAR),1.0,1.0,5014
8930,Trajectory-Conditioned Answer Revision (TCAR),1.0,1.0,5624
7336,Trajectory-Conditioned Answer Revision (TCAR),0.0,0.0,4118
4790,Trajectory-Conditioned Answer Revision (TCAR),0.0,0.0,12371
6638,Trajectory-Conditioned Answer Revision (TCAR),1.0,1.0,4217
1575,Trajectory-Conditioned Answer Revision (TCAR),0.0,0.0,4281
5343,Trajectory-Conditioned Answer Revision (TCAR),1.0,1.0,5349
2690,Trajectory-Conditioned Answer Revision (TCAR),0.0,0.0,7499
7428,Trajectory-Conditioned Answer Revision (TCAR),1.0,1.0,4288
642,Trajectory-Conditioned Answer Revision (TCAR),1.0,1.0,4156
1941,Trajectory-Conditioned Answer Revision (TCAR),1.0,1.0,4797
9612,Trajectory-Conditioned Answer Revision (TCAR),1.0,1.0,5388
1276,Trajectory-Conditioned Answer Revision (TCAR),0.0,0.0,4547
6111,Trajectory-Conditioned Answer Revision (TCAR),1.0,1.0,4781
1384,Trajectory-Conditioned Answer Revision (TCAR),1.0,1.0,5271
5302,Trajectory-Conditioned Answer Revision (TCAR),1.0,1.0,5609
3370,Trajectory-Conditioned Answer Revision (TCAR),1.0,1.0,5408
5092,Trajectory-Conditioned Answer Revision (TCAR),1.0,1.0,4710
8744,Trajectory-Conditioned Answer Revision (TCAR),1.0,1.0,4155
6798,Trajectory-Conditioned Answer Revision (TCAR),0.0,0.0,4361
609,Trajectory-Conditioned Answer Revision (TCAR),1.0,1.0,12036
8729,Trajectory-Conditioned Answer Revision (TCAR),1.0,1.0,6880
2990,Trajectory-Conditioned Answer Revision (TCAR),1.0,1.0,4331
1615,Trajectory-Conditioned Answer Revision (TCAR),1.0,1.0,4110
5378,Trajectory-Conditioned Answer Revision (TCAR),1.0,1.0,4475
4728,Trajectory-Conditioned Answer Revision (TCAR),0.0,0.0,10728
4373,action_prune_react,0.0,0.0,2002
4411,action_prune_react,1.0,1.0,2130
7752,action_prune_react,1.0,1.0,10774
2078,action_prune_react,0.0,0.0,2073
7777,action_prune_react,1.0,1.0,1981
7398,action_prune_react,1.0,1.0,2059
2021,action_prune_react,0.0,0.0,3100
8755,action_prune_react,0.0,0.0,4442
4242,action_prune_react,0.0,0.0,3127
5880,action_prune_react,1.0,1.0,5968
4795,action_prune_react,1.0,1.0,2077
9500,action_prune_react,1.0,1.0,2007
344,action_prune_react,0.0,0.0,3062
2194,action_prune_react,0.0,0.0,9582
3125,action_prune_react,1.0,1.0,3168
7350,action_prune_react,0.0,0.0,2067
4187,action_prune_react,1.0,1.0,1936
1564,action_prune_react,0.0,0.0,3067
8501,action_prune_react,1.0,1.0,2028
7826,action_prune_react,1.0,1.0,6035
2634,action_prune_react,1.0,1.0,2091
6223,action_prune_react,1.0,1.0,2154
2939,action_prune_react,0.0,0.0,5749
7736,action_prune_react,1.0,1.0,10253
6431,action_prune_react,0.0,0.0,3190
8853,action_prune_react,1.0,1.0,3238
8292,action_prune_react,1.0,1.0,2050
4922,action_prune_react,1.0,1.0,3020
9578,action_prune_react,1.0,1.0,2080
6280,action_prune_react,1.0,1.0,4671
5545,action_prune_react,0.0,0.0,3294
8144,action_prune_react,0.0,0.0,2011
9250,action_prune_react,0.0,0.0,5427
2632,action_prune_react,1.0,1.0,2028
1652,action_prune_react,1.0,1.0,3232
234,action_prune_react,0.0,0.0,4390
5535,action_prune_react,1.0,1.0,2046
2432,action_prune_react,1.0,1.0,3274
3854,action_prune_react,1.0,1.0,2250
9696,action_prune_react,1.0,1.0,3213
1950,action_prune_react,0.0,0.0,2053
342,action_prune_react,1.0,1.0,3033
6116,action_prune_react,0.0,0.0,9715
6266,action_prune_react,1.0,1.0,3068
6686,action_prune_react,0.0,0.0,4179
4877,action_prune_react,0.0,0.0,6876
705,action_prune_react,1.0,1.0,2154
6245,action_prune_react,1.0,1.0,2052
2278,action_prune_react,0.0,0.0,3115
8642,action_prune_react,1.0,1.0,1943
644,action_prune_react,0.0,0.0,5867
2850,action_prune_react,1.0,1.0,2020
5903,action_prune_react,1.0,1.0,9627
150,action_prune_react,0.0,0.0,2064
7976,action_prune_react,1.0,1.0,9619
867,action_prune_react,1.0,1.0,5642
6248,action_prune_react,1.0,1.0,2069
8712,action_prune_react,1.0,1.0,1982
4260,action_prune_react,0.0,0.0,2055
4562,action_prune_react,1.0,1.0,1976
441,action_prune_react,1.0,1.0,3247
1019,action_prune_react,1.0,1.0,2002
4950,action_prune_react,1.0,1.0,2012
7521,action_prune_react,1.0,1.0,2041
4312,action_prune_react,1.0,1.0,2042
294,action_prune_react,1.0,1.0,2007
1613,action_prune_react,1.0,1.0,2052
5524,action_prune_react,0.0,0.0,1979
9836,action_prune_react,1.0,1.0,1999
7088,action_prune_react,1.0,1.0,2074
1413,action_prune_react,1.0,1.0,2053
6656,action_prune_react,1.0,1.0,2086
9954,action_prune_react,0.0,0.0,9557
9131,action_prune_react,0.0,0.0,3168
5917,action_prune_react,1.0,1.0,4287
6853,action_prune_react,0.0,0.0,6553
7884,action_prune_react,1.0,1.0,1893
1068,action_prune_react,0.0,0.0,2032
470,action_prune_react,0.0,0.0,3369
4007,action_prune_react,1.0,1.0,2020
9761,action_prune_react,0.0,0.0,2019
2114,action_prune_react,1.0,1.0,2007
8199,action_prune_react,1.0,1.0,3202
3905,action_prune_react,1.0,1.0,8598
4218,action_prune_react,1.0,1.0,2170
2019,action_prune_react,1.0,1.0,2115
7525,action_prune_react,1.0,1.0,4806
3148,action_prune_react,0.0,0.0,9634
1924,action_prune_react,0.0,0.0,2066
4921,action_prune_react,1.0,1.0,2010
4410,action_prune_react,1.0,1.0,3170
2778,action_prune_react,1.0,1.0,1936
7732,action_prune_react,1.0,1.0,2049
3121,action_prune_react,1.0,1.0,1996
8565,action_prune_react,0.0,0.0,2006
5516,action_prune_react,0.0,0.0,2054
6857,action_prune_react,0.0,0.0,2004
4508,action_prune_react,1.0,1.0,1904
4025,action_prune_react,1.0,1.0,1904
6521,action_prune_react,0.0,0.0,2005
9396,action_prune_react,1.0,1.0,1986
7968,action_prune_react,1.0,1.0,4800
3,action_prune_react,0.0,0.0,1980
1495,action_prune_react,1.0,1.0,2024
7554,action_prune_react,1.0,1.0,2035
8074,action_prune_react,0.0,0.0,10173
2324,action_prune_react,1.0,1.0,2003
2406,action_prune_react,1.0,1.0,1954
699,action_prune_react,1.0,1.0,3154
5805,action_prune_react,1.0,1.0,9493
9070,action_prune_react,1.0,1.0,2025
2168,action_prune_react,1.0,1.0,3597
4086,action_prune_react,1.0,1.0,2109
8586,action_prune_react,0.0,0.0,3092
3675,action_prune_react,1.0,1.0,4230
7916,action_prune_react,1.0,1.0,2094
7103,action_prune_react,1.0,1.0,2029
4079,action_prune_react,0.0,0.0,2045
1857,action_prune_react,1.0,1.0,1992
3351,action_prune_react,0.0,0.0,6009
9800,action_prune_react,0.0,0.0,8831
2693,action_prune_react,1.0,1.0,5916
2119,action_prune_react,0.0,0.0,2136
44,action_prune_react,0.0,0.0,4862
4452,action_prune_react,1.0,1.0,2030
9903,action_prune_react,0.0,0.0,2021
2548,action_prune_react,0.0,0.0,2150
8675,action_prune_react,0.0,0.0,2038
7355,action_prune_react,1.0,1.0,2073
4326,action_prune_react,1.0,1.0,3018
3691,action_prune_react,1.0,1.0,1982
3568,action_prune_react,0.0,0.0,2030
762,action_prune_react,1.0,1.0,2017
2492,action_prune_react,0.0,0.0,3391
9445,action_prune_react,1.0,1.0,3084
7187,action_prune_react,0.0,0.0,6198
8129,action_prune_react,1.0,1.0,2067
6454,action_prune_react,1.0,1.0,1975
6886,action_prune_react,1.0,1.0,2042
1023,action_prune_react,0.0,0.0,4938
9981,action_prune_react,1.0,1.0,2060
8921,action_prune_react,0.0,0.0,2037
7674,action_prune_react,1.0,1.0,3164
2073,action_prune_react,0.0,0.0,9008
6466,action_prune_react,0.0,0.0,2178
6455,action_prune_react,1.0,1.0,6244
8956,action_prune_react,0.0,0.0,1990
3445,action_prune_react,1.0,1.0,2263
380,action_prune_react,0.0,0.0,2120
3018,action_prune_react,1.0,1.0,2071
5620,action_prune_react,1.0,1.0,3203
9889,action_prune_react,0.0,0.0,2005
5798,action_prune_react,1.0,1.0,2113
6458,action_prune_react,1.0,1.0,1973
9581,action_prune_react,0.0,0.0,9842
4608,action_prune_react,1.0,1.0,3166
225,action_prune_react,1.0,1.0,1975
3655,action_prune_react,0.0,0.0,7506
3831,action_prune_react,1.0,1.0,1971
1205,action_prune_react,1.0,1.0,2037
5373,action_prune_react,0.0,0.0,6747
2350,action_prune_react,1.0,1.0,3051
5728,action_prune_react,0.0,0.0,1997
1994,action_prune_react,0.0,0.0,2020
7409,action_prune_react,0.0,0.0,1979
2657,action_prune_react,1.0,1.0,2011
8960,action_prune_react,1.0,1.0,3089
8632,action_prune_react,1.0,1.0,2085
1789,action_prune_react,1.0,1.0,3078
8370,action_prune_react,1.0,1.0,2004
9965,action_prune_react,0.0,0.0,5083
1065,action_prune_react,1.0,1.0,3287
81,action_prune_react,0.0,0.0,1998
3581,action_prune_react,1.0,1.0,2003
4226,action_prune_react,0.0,0.0,10495
9322,action_prune_react,1.0,1.0,2090
8303,action_prune_react,1.0,1.0,4503
6932,action_prune_react,0.0,0.0,2060
9498,action_prune_react,1.0,1.0,4066
5381,action_prune_react,1.0,1.0,2019
4080,action_prune_react,1.0,1.0,1949
9871,action_prune_react,1.0,1.0,5506
2985,action_prune_react,1.0,1.0,1926
5364,action_prune_react,1.0,1.0,2069
120,action_prune_react,1.0,1.0,2115
9141,action_prune_react,1.0,1.0,1969
4324,action_prune_react,0.0,0.0,3238
7309,action_prune_react,1.0,1.0,1974
1527,action_prune_react,1.0,1.0,2064
7706,action_prune_react,1.0,1.0,2321
7453,action_prune_react,1.0,1.0,3301
6544,action_prune_react,1.0,1.0,2065
3255,action_prune_react,0.0,0.0,9304
6047,action_prune_react,1.0,1.0,2084
8422,action_prune_react,1.0,1.0,2111
7587,action_prune_react,1.0,1.0,3056
8275,action_prune_react,0.0,0.0,1869
9923,action_prune_react,1.0,1.0,2119
1419,action_prune_react,0.0,0.0,1960
6066,action_prune_react,1.0,1.0,2004
9359,action_prune_react,0.0,0.0,2044
7169,action_prune_react,1.0,1.0,3125
9109,action_prune_react,1.0,1.0,3146
905,action_prune_react,1.0,1.0,7656
4645,action_prune_react,1.0,1.0,9322
430,action_prune_react,1.0,1.0,3056
619,action_prune_react,0.0,0.0,3168
285,action_prune_react,1.0,1.0,1975
6739,action_prune_react,0.0,0.0,1877
5493,action_prune_react,1.0,1.0,1978
8766,action_prune_react,1.0,1.0,2268
2667,action_prune_react,0.0,0.0,2128
3750,action_prune_react,0.0,0.0,2011
5960,action_prune_react,1.0,1.0,2033
9634,action_prune_react,0.0,0.0,7635
3667,action_prune_react,1.0,1.0,2004
8684,action_prune_react,0.0,0.0,9545
9428,action_prune_react,0.0,0.0,1942
4805,action_prune_react,0.0,0.0,2159
7858,action_prune_react,1.0,1.0,3050
2745,action_prune_react,1.0,1.0,1945
7236,action_prune_react,1.0,1.0,10763
5536,action_prune_react,0.0,0.0,3686
3546,action_prune_react,1.0,1.0,2110
9454,action_prune_react,0.0,0.0,2030
193,action_prune_react,1.0,1.0,3036
4,action_prune_react,1.0,1.0,1984
6617,action_prune_react,0.0,0.0,9854
6348,action_prune_react,1.0,1.0,2014
1399,action_prune_react,1.0,1.0,3104
527,action_prune_react,1.0,1.0,2043
5217,action_prune_react,0.0,0.0,2131
8256,action_prune_react,0.0,0.0,2056
8100,action_prune_react,1.0,1.0,2138
8566,action_prune_react,1.0,1.0,8893
7795,action_prune_react,1.0,1.0,2022
2594,action_prune_react,0.0,0.0,3195
9341,action_prune_react,1.0,1.0,2017
5031,action_prune_react,0.0,0.0,2129
2692,action_prune_react,0.0,0.0,10072
9136,action_prune_react,1.0,1.0,2005
1952,action_prune_react,0.0,0.0,1941
9769,action_prune_react,0.0,0.0,3189
4159,action_prune_react,1.0,1.0,2010
7978,action_prune_react,1.0,1.0,1957
7365,action_prune_react,0.0,0.0,1968
6837,action_prune_react,0.0,0.0,10586
693,action_prune_react,0.0,0.0,4739
1412,action_prune_react,1.0,1.0,2016
9337,action_prune_react,1.0,1.0,3363
558,action_prune_react,0.0,0.0,1990
5629,action_prune_react,0.0,0.0,4326
1178,action_prune_react,1.0,1.0,2456
3026,action_prune_react,0.0,0.0,9102
5518,action_prune_react,0.0,0.0,2137
1122,action_prune_react,1.0,1.0,2018
1347,action_prune_react,1.0,1.0,1986
8720,action_prune_react,1.0,1.0,911
3017,action_prune_react,1.0,1.0,2022
913,action_prune_react,0.0,0.0,4446
4832,action_prune_react,1.0,1.0,3189
2570,action_prune_react,1.0,1.0,1977
1680,action_prune_react,1.0,1.0,4615
7539,action_prune_react,1.0,1.0,2029
4328,action_prune_react,0.0,0.0,1961
7847,action_prune_react,0.0,0.0,1963
6579,action_prune_react,1.0,1.0,2009
6331,action_prune_react,1.0,1.0,1953
5922,action_prune_react,0.0,0.0,9577
5352,action_prune_react,0.0,0.0,2002
6447,action_prune_react,1.0,1.0,3023
9767,action_prune_react,1.0,1.0,8106
8806,action_prune_react,1.0,1.0,3339
4027,action_prune_react,1.0,1.0,1969
1720,action_prune_react,1.0,1.0,9756
5025,action_prune_react,0.0,0.0,3081
4062,action_prune_react,0.0,0.0,1942
3764,action_prune_react,0.0,0.0,8813
2729,action_prune_react,1.0,1.0,2084
6165,action_prune_react,1.0,1.0,1985
1404,action_prune_react,1.0,1.0,3135
2623,action_prune_react,1.0,1.0,2086
4099,action_prune_react,1.0,1.0,10125
754,action_prune_react,1.0,1.0,10659
825,action_prune_react,0.0,0.0,4310
1738,action_prune_react,1.0,1.0,1996
6224,action_prune_react,1.0,1.0,3374
6535,action_prune_react,1.0,1.0,4607
7832,action_prune_react,1.0,1.0,2042
4754,action_prune_react,1.0,1.0,2005
633,action_prune_react,0.0,0.0,3176
3823,action_prune_react,0.0,0.0,4397
6087,action_prune_react,1.0,1.0,2018
4992,action_prune_react,0.0,0.0,7534
8661,action_prune_react,0.0,0.0,3556
5954,action_prune_react,0.0,0.0,2016
927,action_prune_react,1.0,1.0,4414
7288,action_prune_react,0.0,0.0,2070
5166,action_prune_react,1.0,1.0,7276
818,action_prune_react,1.0,1.0,3020
9794,action_prune_react,1.0,1.0,1971
8747,action_prune_react,1.0,1.0,4706
7196,action_prune_react,0.0,0.0,1994
9356,action_prune_react,0.0,0.0,2411
546,action_prune_react,0.0,0.0,3142
4091,action_prune_react,1.0,1.0,2056
4384,action_prune_react,1.0,1.0,1981
3254,action_prune_react,1.0,1.0,2116
3053,action_prune_react,1.0,1.0,9506
404,action_prune_react,1.0,1.0,1896
6611,action_prune_react,1.0,1.0,2005
8847,action_prune_react,1.0,1.0,2069
2919,action_prune_react,0.0,0.0,2181
1167,action_prune_react,1.0,1.0,3236
8408,action_prune_react,1.0,1.0,7906
5972,action_prune_react,1.0,1.0,4404
6036,action_prune_react,0.0,0.0,2005
5168,action_prune_react,1.0,1.0,2097
9670,action_prune_react,1.0,1.0,1931
5006,action_prune_react,1.0,1.0,5813
4425,action_prune_react,0.0,0.0,4331
2294,action_prune_react,0.0,0.0,2097
6464,action_prune_react,0.0,0.0,8922
8477,action_prune_react,1.0,1.0,3102
5871,action_prune_react,1.0,1.0,1956
232,action_prune_react,1.0,1.0,3206
880,action_prune_react,1.0,1.0,2127
9476,action_prune_react,1.0,1.0,2085
7051,action_prune_react,0.0,0.0,10531
5733,action_prune_react,1.0,1.0,3542
9370,action_prune_react,0.0,0.0,3273
8379,action_prune_react,1.0,1.0,2191
9395,action_prune_react,1.0,1.0,2098
2576,action_prune_react,1.0,1.0,2033
3095,action_prune_react,1.0,1.0,3862
3389,action_prune_react,0.0,0.0,1935
5501,action_prune_react,1.0,1.0,2102
7320,action_prune_react,1.0,1.0,2097
9459,action_prune_react,1.0,1.0,1990
9174,action_prune_react,0.0,0.0,3262
6696,action_prune_react,1.0,1.0,2191
273,action_prune_react,1.0,1.0,2058
9536,action_prune_react,1.0,1.0,9308
3550,action_prune_react,1.0,1.0,2003
2161,action_prune_react,0.0,0.0,8266
9989,action_prune_react,1.0,1.0,2016
5555,action_prune_react,1.0,1.0,1920
6747,action_prune_react,0.0,0.0,2030
244,action_prune_react,1.0,1.0,1887
9666,action_prune_react,1.0,1.0,2083
6849,action_prune_react,1.0,1.0,3054
5891,action_prune_react,0.0,0.0,4624
4320,action_prune_react,1.0,1.0,1956
3804,action_prune_react,1.0,1.0,4886
5440,action_prune_react,1.0,1.0,1963
6349,action_prune_react,1.0,1.0,1939
3015,action_prune_react,1.0,1.0,2019
6991,action_prune_react,0.0,0.0,1983
6526,action_prune_react,1.0,1.0,1954
16,action_prune_react,1.0,1.0,1988
3306,action_prune_react,1.0,1.0,3141
4885,action_prune_react,1.0,1.0,1992
7083,action_prune_react,0.0,0.0,4581
6971,action_prune_react,0.0,0.0,2027
4923,action_prune_react,1.0,1.0,1934
6829,action_prune_react,1.0,1.0,2004
2186,action_prune_react,0.0,0.0,2025
2107,action_prune_react,0.0,0.0,10068
3266,action_prune_react,1.0,1.0,3019
8571,action_prune_react,1.0,1.0,1996
846,action_prune_react,0.0,0.0,9417
7445,action_prune_react,0.0,0.0,9119
7831,action_prune_react,0.0,0.0,4950
8350,action_prune_react,0.0,0.0,2104
5855,action_prune_react,1.0,1.0,3167
8808,action_prune_react,1.0,1.0,3056
7423,action_prune_react,0.0,0.0,10115
9055,action_prune_react,0.0,0.0,4194
3547,action_prune_react,0.0,0.0,2141
9409,action_prune_react,1.0,1.0,2054
7989,action_prune_react,1.0,1.0,3209
41,action_prune_react,1.0,1.0,1959
4728,action_prune_react,1.0,1.0,4594
1594,action_prune_react,1.0,1.0,1996
669,action_prune_react,0.0,0.0,2012
3747,action_prune_react,1.0,1.0,2070
446,action_prune_react,0.0,0.0,3412
5030,action_prune_react,1.0,1.0,1978
5161,action_prune_react,0.0,0.0,2071
259,action_prune_react,1.0,1.0,3127
2703,action_prune_react,1.0,1.0,1916
8028,action_prune_react,0.0,0.0,9447
857,action_prune_react,1.0,1.0,1957
3604,action_prune_react,1.0,1.0,3179
3968,action_prune_react,1.0,1.0,2104
3069,action_prune_react,1.0,1.0,3163
9503,action_prune_react,0.0,0.0,1940
1208,action_prune_react,1.0,1.0,2090
7091,action_prune_react,1.0,1.0,3067
5552,action_prune_react,0.0,0.0,3123
9120,action_prune_react,1.0,1.0,4658
1746,action_prune_react,1.0,1.0,3154
806,action_prune_react,1.0,1.0,2129
226,action_prune_react,0.0,0.0,1988
1552,action_prune_react,1.0,1.0,1951
6753,action_prune_react,0.0,0.0,2003
9529,action_prune_react,0.0,0.0,8969
9202,action_prune_react,0.0,0.0,9421
7840,action_prune_react,1.0,1.0,1944
3284,action_prune_react,0.0,0.0,2016
5579,action_prune_react,1.0,1.0,3368
5971,action_prune_react,1.0,1.0,3168
1354,action_prune_react,1.0,1.0,2040
5816,action_prune_react,1.0,1.0,9664
7649,action_prune_react,0.0,0.0,2052
2146,action_prune_react,1.0,1.0,2014
7842,action_prune_react,1.0,1.0,2530
906,action_prune_react,1.0,1.0,2084
4974,action_prune_react,1.0,1.0,2197
394,action_prune_react,0.0,0.0,2149
1092,action_prune_react,0.0,0.0,8102
3169,action_prune_react,1.0,1.0,2344
1589,action_prune_react,0.0,0.0,1958
7899,action_prune_react,0.0,0.0,1981
3603,action_prune_react,0.0,0.0,2173
6996,action_prune_react,1.0,1.0,1976
8123,action_prune_react,1.0,1.0,1959
3817,action_prune_react,1.0,1.0,3366
5277,action_prune_react,1.0,1.0,2142
1098,action_prune_react,1.0,1.0,1995
4369,action_prune_react,0.0,0.0,8875
1402,action_prune_react,1.0,1.0,3210
2464,action_prune_react,0.0,0.0,3335
5090,action_prune_react,1.0,1.0,2017
8952,action_prune_react,1.0,1.0,3125
6031,action_prune_react,1.0,1.0,1990
7440,action_prune_react,0.0,0.0,1959
7717,action_prune_react,1.0,1.0,1982
5042,action_prune_react,0.0,0.0,2013
8075,action_prune_react,1.0,1.0,3058
1330,action_prune_react,1.0,1.0,2050
5762,action_prune_react,1.0,1.0,3067
7069,action_prune_react,0.0,0.0,4476
2577,action_prune_react,1.0,1.0,2079
7030,action_prune_react,1.0,1.0,1951
5163,action_prune_react,1.0,1.0,10129
4144,action_prune_react,1.0,1.0,3123
9172,action_prune_react,1.0,1.0,2072
3641,action_prune_react,0.0,0.0,3201
292,action_prune_react,1.0,1.0,2021
9768,action_prune_react,0.0,0.0,2056
1765,action_prune_react,1.0,1.0,2133
1726,action_prune_react,0.0,0.0,9438
7382,action_prune_react,1.0,1.0,4888
1887,action_prune_react,1.0,1.0,2074
3047,action_prune_react,0.0,0.0,888
1936,action_prune_react,1.0,1.0,2047
3898,action_prune_react,1.0,1.0,3164
4221,action_prune_react,1.0,1.0,2057
7822,action_prune_react,0.0,0.0,7531
5229,action_prune_react,1.0,1.0,2141
7564,action_prune_react,0.0,0.0,5690
4993,action_prune_react,0.0,0.0,8637
1783,action_prune_react,1.0,1.0,2057
9724,action_prune_react,1.0,1.0,1962
8772,action_prune_react,1.0,1.0,2055
3020,action_prune_react,0.0,0.0,3128
2925,action_prune_react,0.0,0.0,2074
4125,action_prune_react,1.0,1.0,2035
8289,action_prune_react,0.0,0.0,8668
6406,action_prune_react,1.0,1.0,2065
1139,action_prune_react,1.0,1.0,2100
4210,action_prune_react,1.0,1.0,2071
227,action_prune_react,0.0,0.0,2083
1012,action_prune_react,1.0,1.0,1974
2639,action_prune_react,1.0,1.0,2407
8930,action_prune_react,1.0,1.0,3217
7336,action_prune_react,0.0,0.0,1968
4790,action_prune_react,0.0,0.0,3100
6638,action_prune_react,1.0,1.0,2022
1575,action_prune_react,0.0,0.0,2050
5343,action_prune_react,1.0,1.0,3075
2690,action_prune_react,0.0,0.0,4896
7428,action_prune_react,1.0,1.0,2056
642,action_prune_react,1.0,1.0,1990
1941,action_prune_react,0.0,0.0,2257
9612,action_prune_react,1.0,1.0,3101
1276,action_prune_react,0.0,0.0,2163
6111,action_prune_react,1.0,1.0,2269
1384,action_prune_react,1.0,1.0,3051
5302,action_prune_react,0.0,0.0,4532
3370,action_prune_react,1.0,1.0,3121
5092,action_prune_react,1.0,1.0,2036
8744,action_prune_react,1.0,1.0,1992
6798,action_prune_react,1.0,1.0,2046
609,action_prune_react,1.0,1.0,9198
8729,action_prune_react,1.0,1.0,4417
2990,action_prune_react,1.0,1.0,2062
1615,action_prune_react,1.0,1.0,1970
5378,action_prune_react,1.0,1.0,2137
