question_idx,framework,em,f1,total_tokens
4373,cot_sc,0.0,0.0,9690.0
4411,cot_sc,1.0,1.0,12606.0
7752,cot_sc,1.0,1.0,35003.0
2078,cot_sc,0.0,0.0,10127.0
7777,cot_sc,1.0,1.0,9670.0
7398,cot_sc,1.0,1.0,10263.0
2021,cot_sc,0.0,0.0,13657.0
8755,cot_sc,0.0,0.0,31633.0
4242,cot_sc,0.0,0.0,21665.0
5880,cot_sc,1.0,1.0,20349.0
4795,cot_sc,1.0,1.0,18348.0
9500,cot_sc,1.0,1.0,9748.0
344,cot_sc,0.0,0.0,13884.0
2194,cot_sc,0.0,0.0,28017.0
3125,cot_sc,1.0,1.0,13450.0
7350,cot_sc,0.0,0.0,12844.0
4187,cot_sc,1.0,1.0,11688.0
1564,cot_sc,0.0,0.0,13191.0
8501,cot_sc,1.0,1.0,9916.0
7826,cot_sc,1.0,1.0,20444.0
2634,cot_sc,1.0,1.0,11535.0
6223,cot_sc,1.0,1.0,13502.0
2939,cot_sc,1.0,1.0,17923.0
7736,cot_sc,1.0,1.0,33530.0
6431,cot_sc,0.0,0.0,13499.0
8853,cot_sc,1.0,1.0,13875.0
8292,cot_sc,1.0,1.0,10047.0
4922,cot_sc,1.0,1.0,8941.0
9578,cot_sc,1.0,1.0,10263.0
6280,cot_sc,0.0,0.0,22200.0
5545,cot_sc,1.0,1.0,20564.0
8144,cot_sc,0.0,0.0,29086.0
9250,cot_sc,0.0,0.0,21907.0
2632,cot_sc,1.0,1.0,18017.0
1652,cot_sc,1.0,1.0,11656.0
234,cot_sc,0.0,0.0,17234.0
5535,cot_sc,1.0,1.0,12394.0
2432,cot_sc,1.0,1.0,15182.0
3854,cot_sc,1.0,1.0,11179.0
9696,cot_sc,1.0,1.0,13818.0
1950,cot_sc,1.0,1.0,14048.0
342,cot_sc,1.0,1.0,13037.0
6116,cot_sc,0.0,0.0,31558.0
6266,cot_sc,1.0,1.0,12058.0
6686,cot_sc,0.0,0.0,14195.0
4877,cot_sc,0.0,0.0,18741.0
705,cot_sc,1.0,1.0,10634.0
6245,cot_sc,1.0,1.0,9985.0
2278,cot_sc,0.0,0.0,12510.0
8642,cot_sc,1.0,1.0,24290.0
644,cot_sc,1.0,1.0,15417.0
2850,cot_sc,1.0,1.0,9848.0
5903,cot_sc,1.0,1.0,27666.0
150,cot_sc,0.0,0.0,12329.0
7976,cot_sc,1.0,1.0,29885.0
867,cot_sc,1.0,1.0,13212.0
6248,cot_sc,1.0,1.0,10034.0
8712,cot_sc,1.0,1.0,26402.0
4260,cot_sc,0.0,0.0,10014.0
4562,cot_sc,1.0,1.0,9562.0
441,cot_sc,1.0,1.0,14256.0
1019,cot_sc,1.0,1.0,9637.0
4950,cot_sc,1.0,1.0,10897.0
7521,cot_sc,1.0,1.0,17956.0
4312,cot_sc,1.0,1.0,9920.0
294,cot_sc,1.0,1.0,13623.0
1613,cot_sc,1.0,1.0,9980.0
5524,cot_sc,0.0,0.0,9573.0
9836,cot_sc,1.0,1.0,10808.0
7088,cot_sc,0.0,0.0,23269.0
1413,cot_sc,1.0,1.0,11150.0
6656,cot_sc,1.0,1.0,12951.0
9954,cot_sc,0.0,0.0,26896.0
9131,cot_sc,0.0,0.0,11194.0
5917,cot_sc,1.0,1.0,18463.0
6853,cot_sc,0.0,0.0,29791.0
7884,cot_sc,1.0,1.0,13972.0
1068,cot_sc,0.0,0.0,11280.0
470,cot_sc,0.0,0.0,16148.0
4007,cot_sc,1.0,1.0,9701.0
9761,cot_sc,0.0,0.0,9763.0
2114,cot_sc,1.0,1.0,9730.0
8199,cot_sc,1.0,1.0,18440.0
3905,cot_sc,1.0,1.0,31815.0
4218,cot_sc,1.0,1.0,10850.0
2019,cot_sc,1.0,1.0,13853.0
7525,cot_sc,1.0,1.0,20935.0
3148,cot_sc,0.0,0.0,27268.0
1924,cot_sc,0.0,0.0,10191.0
4921,cot_sc,1.0,1.0,9754.0
4410,cot_sc,1.0,1.0,12253.0
2778,cot_sc,1.0,1.0,11734.0
7732,cot_sc,1.0,1.0,11168.0
3121,cot_sc,1.0,1.0,9672.0
8565,cot_sc,0.0,0.0,9680.0
5516,cot_sc,0.0,0.0,9977.0
6857,cot_sc,0.0,0.0,9670.0
4508,cot_sc,0.0,0.0,9358.0
4025,cot_sc,1.0,1.0,9098.0
6521,cot_sc,0.0,0.0,9723.0
9396,cot_sc,1.0,1.0,10756.0
7968,cot_sc,1.0,1.0,21086.0
3,cot_sc,0.0,0.0,9514.0
1495,cot_sc,1.0,1.0,9766.0
7554,cot_sc,1.0,1.0,12284.0
8074,cot_sc,1.0,1.0,31036.0
2324,cot_sc,1.0,1.0,9736.0
2406,cot_sc,1.0,1.0,9378.0
699,cot_sc,0.0,0.0,21511.0
5805,cot_sc,1.0,1.0,32211.0
9070,cot_sc,1.0,1.0,9773.0
2168,cot_sc,0.0,0.0,38340.0
4086,cot_sc,1.0,1.0,11539.0
8586,cot_sc,0.0,0.0,19673.0
3675,cot_sc,1.0,1.0,19344.0
7916,cot_sc,1.0,1.0,10141.0
7103,cot_sc,1.0,1.0,9941.0
4079,cot_sc,0.0,0.0,11343.0
1857,cot_sc,1.0,1.0,9580.0
3351,cot_sc,0.0,0.0,20022.0
9800,cot_sc,1.0,1.0,28839.0
2693,cot_sc,1.0,1.0,22664.0
2119,cot_sc,0.0,0.0,10511.0
44,cot_sc,1.0,1.0,20120.0
4452,cot_sc,1.0,1.0,12022.0
9903,cot_sc,0.0,0.0,9867.0
2548,cot_sc,0.0,0.0,10629.0
8675,cot_sc,0.0,0.0,9946.0
7355,cot_sc,0.0,0.0,23508.0
4326,cot_sc,1.0,1.0,12971.0
3691,cot_sc,1.0,1.0,14072.0
3568,cot_sc,0.0,0.0,12977.0
762,cot_sc,1.0,1.0,9789.0
2492,cot_sc,0.0,0.0,28042.0
9445,cot_sc,1.0,1.0,13386.0
7187,cot_sc,0.0,0.0,20453.0
8129,cot_sc,1.0,1.0,12947.0
6454,cot_sc,1.0,1.0,9375.0
6886,cot_sc,1.0,1.0,11095.0
1023,cot_sc,0.0,0.0,19780.0
9981,cot_sc,1.0,1.0,9941.0
8921,cot_sc,0.0,0.0,10139.0
7674,cot_sc,1.0,1.0,13786.0
2073,cot_sc,0.0,0.0,34717.0
6466,cot_sc,0.0,0.0,11100.0
6455,cot_sc,1.0,1.0,32363.0
8956,cot_sc,0.0,0.0,11269.0
3445,cot_sc,1.0,1.0,11252.0
380,cot_sc,0.0,0.0,10423.0
3018,cot_sc,1.0,1.0,15378.0
5620,cot_sc,1.0,1.0,10581.0
9889,cot_sc,0.0,0.0,9664.0
5798,cot_sc,1.0,1.0,11557.0
6458,cot_sc,1.0,1.0,9781.0
9581,cot_sc,0.0,0.0,33044.0
4608,cot_sc,1.0,1.0,12293.0
225,cot_sc,1.0,1.0,9430.0
3655,cot_sc,0.0,0.0,20576.0
3831,cot_sc,1.0,1.0,9498.0
1205,cot_sc,1.0,1.0,9939.0
5373,cot_sc,0.0,0.0,24842.0
2350,cot_sc,1.0,1.0,10716.0
5728,cot_sc,0.0,0.0,11939.0
1994,cot_sc,0.0,0.0,9839.0
7409,cot_sc,0.0,0.0,12441.0
2657,cot_sc,1.0,1.0,9759.0
8960,cot_sc,1.0,1.0,13001.0
8632,cot_sc,1.0,1.0,10181.0
1789,cot_sc,0.0,0.0,13276.0
8370,cot_sc,1.0,1.0,9657.0
9965,cot_sc,0.0,0.0,24719.0
1065,cot_sc,1.0,1.0,26212.0
81,cot_sc,0.0,0.0,9574.0
3581,cot_sc,1.0,1.0,9626.0
4226,cot_sc,1.0,1.0,22913.0
9322,cot_sc,1.0,1.0,10368.0
8303,cot_sc,1.0,1.0,13731.0
6932,cot_sc,1.0,1.0,22608.0
9498,cot_sc,1.0,1.0,12672.0
5381,cot_sc,1.0,1.0,9702.0
4080,cot_sc,1.0,1.0,25008.0
9871,cot_sc,1.0,1.0,29471.0
2985,cot_sc,1.0,1.0,9191.0
5364,cot_sc,1.0,1.0,11166.0
120,cot_sc,1.0,1.0,10345.0
9141,cot_sc,1.0,1.0,14967.0
4324,cot_sc,0.0,0.0,11401.0
7309,cot_sc,1.0,1.0,9615.0
1527,cot_sc,1.0,1.0,9787.0
7706,cot_sc,1.0,1.0,11610.0
7453,cot_sc,1.0,1.0,11980.0
6544,cot_sc,1.0,1.0,17518.0
3255,cot_sc,1.0,1.0,16436.0
6047,cot_sc,1.0,1.0,30859.0
8422,cot_sc,1.0,1.0,10256.0
7587,cot_sc,1.0,1.0,11776.0
8275,cot_sc,0.0,0.0,10872.0
9923,cot_sc,1.0,1.0,12776.0
1419,cot_sc,0.0,0.0,9360.0
6066,cot_sc,1.0,1.0,10926.0
9359,cot_sc,0.0,0.0,9825.0
7169,cot_sc,1.0,1.0,9404.0
9109,cot_sc,1.0,1.0,12693.0
905,cot_sc,1.0,1.0,14591.0
4645,cot_sc,1.0,1.0,29944.0
430,cot_sc,1.0,1.0,10690.0
619,cot_sc,0.0,0.0,20616.0
285,cot_sc,1.0,1.0,12726.0
6739,cot_sc,0.0,0.0,8938.0
5493,cot_sc,1.0,1.0,11796.0
8766,cot_sc,1.0,1.0,13897.0
2667,cot_sc,1.0,1.0,21036.0
3750,cot_sc,0.0,0.0,16525.0
5960,cot_sc,1.0,1.0,9938.0
9634,cot_sc,0.0,0.0,27042.0
3667,cot_sc,1.0,1.0,9704.0
8684,cot_sc,0.0,0.0,26382.0
9428,cot_sc,0.0,0.0,9323.0
4805,cot_sc,0.0,0.0,13384.0
7858,cot_sc,1.0,1.0,10799.0
2745,cot_sc,1.0,1.0,9456.0
7236,cot_sc,1.0,1.0,26942.0
5536,cot_sc,0.0,0.0,20081.0
3546,cot_sc,1.0,1.0,10350.0
9454,cot_sc,0.0,0.0,9911.0
193,cot_sc,1.0,1.0,9290.0
4,cot_sc,1.0,1.0,9560.0
6617,cot_sc,0.0,0.0,27949.0
6348,cot_sc,1.0,1.0,9755.0
1399,cot_sc,1.0,1.0,15580.0
527,cot_sc,1.0,1.0,9794.0
5217,cot_sc,0.0,0.0,12163.0
8256,cot_sc,0.0,0.0,10094.0
8100,cot_sc,1.0,1.0,13006.0
8566,cot_sc,0.0,0.0,23248.0
7795,cot_sc,1.0,1.0,13323.0
2594,cot_sc,0.0,0.0,12066.0
9341,cot_sc,1.0,1.0,9826.0
5031,cot_sc,0.0,0.0,11778.0
2692,cot_sc,0.0,0.0,35218.0
9136,cot_sc,1.0,1.0,9664.0
1952,cot_sc,0.0,0.0,9371.0
9769,cot_sc,0.0,0.0,11135.0
4159,cot_sc,1.0,1.0,9739.0
7978,cot_sc,1.0,1.0,9408.0
7365,cot_sc,0.0,0.0,16289.0
6837,cot_sc,0.0,0.0,35705.0
693,cot_sc,0.0,0.0,26300.0
1412,cot_sc,1.0,1.0,10897.0
9337,cot_sc,1.0,1.0,14665.0
558,cot_sc,0.0,0.0,9626.0
5629,cot_sc,0.0,0.0,31099.0
1178,cot_sc,1.0,1.0,16468.0
3026,cot_sc,0.0,0.0,19462.0
5518,cot_sc,0.0,0.0,15078.0
1122,cot_sc,1.0,1.0,9765.0
1347,cot_sc,1.0,1.0,9617.0
8720,cot_sc,0.0,0.0,8583.0
3017,cot_sc,1.0,1.0,12195.0
913,cot_sc,0.0,0.0,22297.0
4832,cot_sc,0.0,0.0,11446.0
2570,cot_sc,1.0,1.0,10779.0
1680,cot_sc,1.0,1.0,22247.0
7539,cot_sc,1.0,1.0,9822.0
4328,cot_sc,0.0,0.0,9456.0
7847,cot_sc,0.0,0.0,9427.0
6579,cot_sc,0.0,0.0,10063.0
6331,cot_sc,1.0,1.0,10729.0
5922,cot_sc,1.0,1.0,28400.0
5352,cot_sc,0.0,0.0,9722.0
6447,cot_sc,1.0,1.0,14300.0
9767,cot_sc,1.0,1.0,22313.0
8806,cot_sc,1.0,1.0,15434.0
4027,cot_sc,1.0,1.0,9484.0
1720,cot_sc,1.0,1.0,27812.0
5025,cot_sc,0.0,0.0,10768.0
4062,cot_sc,0.0,0.0,9330.0
3764,cot_sc,1.0,1.0,36386.0
2729,cot_sc,1.0,1.0,10189.0
6165,cot_sc,1.0,1.0,9636.0
1404,cot_sc,1.0,1.0,12376.0
2623,cot_sc,1.0,1.0,10225.0
754,cot_sc,0.0,0.0,20210.0
825,cot_sc,0.0,0.0,15051.0
1738,cot_sc,1.0,1.0,9612.0
6224,cot_sc,1.0,1.0,15126.0
6535,cot_sc,1.0,1.0,17211.0
7832,cot_sc,1.0,1.0,9898.0
4754,cot_sc,1.0,1.0,9734.0
633,cot_sc,0.0,0.0,28769.0
3823,cot_sc,0.0,0.0,31008.0
6087,cot_sc,0.0,0.0,10899.0
4992,cot_sc,0.0,0.0,33154.0
8661,cot_sc,0.0,0.0,19974.0
5954,cot_sc,0.0,0.0,17043.0
927,cot_sc,1.0,1.0,14825.0
7288,cot_sc,1.0,1.0,11539.0
5166,cot_sc,0.0,0.0,21025.0
818,cot_sc,1.0,1.0,15719.0
9794,cot_sc,1.0,1.0,11808.0
8747,cot_sc,1.0,1.0,22514.0
7196,cot_sc,0.0,0.0,9668.0
9356,cot_sc,0.0,0.0,12529.0
546,cot_sc,1.0,1.0,17841.0
4091,cot_sc,1.0,1.0,10030.0
4384,cot_sc,1.0,1.0,10721.0
3254,cot_sc,1.0,1.0,10337.0
3053,cot_sc,1.0,1.0,29243.0
404,cot_sc,1.0,1.0,10229.0
6611,cot_sc,1.0,1.0,9684.0
8847,cot_sc,1.0,1.0,10121.0
2919,cot_sc,0.0,0.0,10722.0
1167,cot_sc,1.0,1.0,14293.0
8408,cot_sc,1.0,1.0,31464.0
5972,cot_sc,1.0,1.0,18001.0
6036,cot_sc,0.0,0.0,14979.0
5168,cot_sc,1.0,1.0,10318.0
9670,cot_sc,1.0,1.0,9231.0
5006,cot_sc,1.0,1.0,20509.0
4425,cot_sc,0.0,0.0,11974.0
2294,cot_sc,0.0,0.0,10985.0
6464,cot_sc,1.0,1.0,24497.0
8477,cot_sc,1.0,1.0,12126.0
5871,cot_sc,1.0,1.0,12050.0
232,cot_sc,1.0,1.0,20418.0
880,cot_sc,1.0,1.0,10644.0
9476,cot_sc,1.0,1.0,10218.0
7051,cot_sc,0.0,0.0,32852.0
5733,cot_sc,1.0,1.0,10596.0
9370,cot_sc,0.0,0.0,22853.0
8379,cot_sc,1.0,1.0,10754.0
9395,cot_sc,1.0,1.0,10200.0
2576,cot_sc,1.0,1.0,9879.0
3095,cot_sc,1.0,1.0,14739.0
3389,cot_sc,0.0,0.0,9488.0
5501,cot_sc,1.0,1.0,11504.0
7320,cot_sc,1.0,1.0,14150.0
9459,cot_sc,1.0,1.0,9606.0
9174,cot_sc,0.0,0.0,11029.0
6696,cot_sc,1.0,1.0,10792.0
273,cot_sc,1.0,1.0,9976.0
9536,cot_sc,1.0,1.0,25807.0
3550,cot_sc,1.0,1.0,9679.0
2161,cot_sc,1.0,1.0,10098.0
9989,cot_sc,1.0,1.0,10870.0
5555,cot_sc,1.0,1.0,9195.0
6747,cot_sc,0.0,0.0,9918.0
244,cot_sc,1.0,1.0,8993.0
9666,cot_sc,1.0,1.0,23347.0
6849,cot_sc,1.0,1.0,13120.0
5891,cot_sc,0.0,0.0,26799.0
4320,cot_sc,1.0,1.0,9441.0
3804,cot_sc,1.0,1.0,12261.0
5440,cot_sc,1.0,1.0,9459.0
6349,cot_sc,1.0,1.0,9326.0
3015,cot_sc,1.0,1.0,9886.0
6991,cot_sc,0.0,0.0,9619.0
6526,cot_sc,1.0,1.0,10681.0
16,cot_sc,1.0,1.0,9667.0
3306,cot_sc,0.0,0.0,21789.0
4885,cot_sc,1.0,1.0,9617.0
7083,cot_sc,0.0,0.0,26148.0
6971,cot_sc,0.0,0.0,11183.0
4923,cot_sc,1.0,1.0,9283.0
6829,cot_sc,1.0,1.0,9664.0
2186,cot_sc,0.0,0.0,9817.0
2107,cot_sc,0.0,0.0,31084.0
3266,cot_sc,1.0,1.0,13155.0
8571,cot_sc,1.0,1.0,9581.0
846,cot_sc,1.0,1.0,15155.0
7445,cot_sc,0.0,0.0,20499.0
7831,cot_sc,0.0,0.0,15297.0
8350,cot_sc,0.0,0.0,15731.0
5855,cot_sc,1.0,1.0,13568.0
8808,cot_sc,1.0,1.0,12303.0
7423,cot_sc,0.0,0.0,15489.0
9055,cot_sc,0.0,0.0,14418.0
3547,cot_sc,0.0,0.0,10728.0
9409,cot_sc,1.0,1.0,10006.0
7989,cot_sc,1.0,1.0,13657.0
41,cot_sc,1.0,1.0,9465.0
4728,cot_sc,0.0,0.0,12298.0
1594,cot_sc,0.0,0.0,9677.0
669,cot_sc,0.0,0.0,15934.0
3747,cot_sc,1.0,1.0,9748.0
446,cot_sc,0.0,0.0,13178.0
5030,cot_sc,1.0,1.0,9585.0
5161,cot_sc,0.0,0.0,10227.0
259,cot_sc,1.0,1.0,13316.0
2703,cot_sc,1.0,1.0,10277.0
8028,cot_sc,0.0,0.0,27166.0
857,cot_sc,1.0,1.0,9256.0
3604,cot_sc,1.0,1.0,13670.0
3968,cot_sc,1.0,1.0,10238.0
3069,cot_sc,1.0,1.0,18264.0
9503,cot_sc,0.0,0.0,9490.0
1208,cot_sc,1.0,1.0,12447.0
7091,cot_sc,0.0,0.0,18056.0
5552,cot_sc,0.0,0.0,18411.0
9120,cot_sc,0.0,0.0,19004.0
1746,cot_sc,1.0,1.0,19764.0
806,cot_sc,1.0,1.0,10602.0
226,cot_sc,0.0,0.0,9568.0
1552,cot_sc,1.0,1.0,10656.0
6753,cot_sc,0.0,0.0,9670.0
9529,cot_sc,0.0,0.0,28036.0
9202,cot_sc,1.0,1.0,31580.0
7840,cot_sc,1.0,1.0,9358.0
3284,cot_sc,0.0,0.0,17082.0
5579,cot_sc,1.0,1.0,14759.0
5971,cot_sc,1.0,1.0,13960.0
1354,cot_sc,1.0,1.0,9918.0
5816,cot_sc,1.0,1.0,35719.0
7649,cot_sc,0.0,0.0,12306.0
2146,cot_sc,1.0,1.0,9839.0
7842,cot_sc,1.0,1.0,14436.0
906,cot_sc,1.0,1.0,13643.0
4974,cot_sc,1.0,1.0,12091.0
394,cot_sc,0.0,0.0,12542.0
1092,cot_sc,1.0,1.0,18352.0
3169,cot_sc,1.0,1.0,12284.0
1589,cot_sc,0.0,0.0,11595.0
7899,cot_sc,0.0,0.0,9617.0
3603,cot_sc,0.0,0.0,10742.0
6996,cot_sc,1.0,1.0,9614.0
8123,cot_sc,1.0,1.0,9387.0
3817,cot_sc,1.0,1.0,9325.0
5277,cot_sc,1.0,1.0,10628.0
1098,cot_sc,1.0,1.0,9652.0
4369,cot_sc,0.0,0.0,33600.0
1402,cot_sc,1.0,1.0,15514.0
2464,cot_sc,0.0,0.0,27074.0
5090,cot_sc,1.0,1.0,9728.0
8952,cot_sc,1.0,1.0,13470.0
6031,cot_sc,1.0,1.0,11170.0
7440,cot_sc,0.0,0.0,9404.0
7717,cot_sc,1.0,1.0,9684.0
5042,cot_sc,0.0,0.0,37192.0
8075,cot_sc,1.0,1.0,13165.0
1330,cot_sc,1.0,1.0,9960.0
5762,cot_sc,1.0,1.0,13207.0
7069,cot_sc,1.0,1.0,13324.0
2577,cot_sc,1.0,1.0,11314.0
7030,cot_sc,1.0,1.0,9352.0
5163,cot_sc,0.0,0.0,17980.0
4144,cot_sc,1.0,1.0,17036.0
9172,cot_sc,1.0,1.0,12723.0
3641,cot_sc,0.0,0.0,11857.0
292,cot_sc,1.0,1.0,9707.0
9768,cot_sc,0.0,0.0,9959.0
1765,cot_sc,1.0,1.0,10471.0
1726,cot_sc,0.0,0.0,27390.0
7382,cot_sc,1.0,1.0,21225.0
1887,cot_sc,1.0,1.0,11421.0
3047,cot_sc,0.0,0.0,8982.0
1936,cot_sc,1.0,1.0,9855.0
3898,cot_sc,1.0,1.0,13520.0
4221,cot_sc,1.0,1.0,10969.0
7822,cot_sc,1.0,1.0,28406.0
5229,cot_sc,1.0,1.0,10395.0
7564,cot_sc,0.0,0.0,32774.0
4993,cot_sc,0.0,0.0,20164.0
1783,cot_sc,1.0,1.0,10101.0
9724,cot_sc,1.0,1.0,14403.0
8772,cot_sc,1.0,1.0,11173.0
3020,cot_sc,0.0,0.0,13546.0
2925,cot_sc,0.0,0.0,10345.0
4125,cot_sc,1.0,1.0,11139.0
8289,cot_sc,0.0,0.0,23025.0
6406,cot_sc,1.0,1.0,10206.0
1139,cot_sc,1.0,1.0,11567.0
4210,cot_sc,1.0,1.0,10123.0
227,cot_sc,1.0,1.0,10292.0
1012,cot_sc,1.0,1.0,9694.0
2639,cot_sc,1.0,1.0,12072.0
8930,cot_sc,1.0,1.0,13104.0
7336,cot_sc,0.0,0.0,9537.0
4790,cot_sc,0.0,0.0,31732.0
6638,cot_sc,1.0,1.0,9835.0
1575,cot_sc,0.0,0.0,9891.0
5343,cot_sc,0.0,0.0,16495.0
2690,cot_sc,1.0,1.0,13341.0
7428,cot_sc,1.0,1.0,10022.0
642,cot_sc,1.0,1.0,17661.0
1941,cot_sc,0.0,0.0,11164.0
9612,cot_sc,1.0,1.0,13232.0
1276,cot_sc,0.0,0.0,13305.0
6111,cot_sc,1.0,1.0,11192.0
1384,cot_sc,1.0,1.0,13039.0
5302,cot_sc,1.0,1.0,15328.0
3370,cot_sc,1.0,1.0,12084.0
5092,cot_sc,1.0,1.0,9930.0
8744,cot_sc,1.0,1.0,9620.0
6798,cot_sc,1.0,1.0,9981.0
609,cot_sc,1.0,1.0,21167.0
8729,cot_sc,1.0,1.0,17714.0
2990,cot_sc,1.0,1.0,12517.0
1615,cot_sc,1.0,1.0,11973.0
5378,cot_sc,1.0,1.0,13306.0
4099,cot_sc,1.0,1.0,32771.0
4373,action_prune_react,0.0,0.0,2002.0
4411,action_prune_react,1.0,1.0,2130.0
7752,action_prune_react,1.0,1.0,10774.0
2078,action_prune_react,0.0,0.0,2073.0
7777,action_prune_react,1.0,1.0,1981.0
7398,action_prune_react,1.0,1.0,2059.0
2021,action_prune_react,0.0,0.0,3100.0
8755,action_prune_react,0.0,0.0,4442.0
4242,action_prune_react,0.0,0.0,3127.0
5880,action_prune_react,1.0,1.0,5968.0
4795,action_prune_react,1.0,1.0,2077.0
9500,action_prune_react,1.0,1.0,2007.0
344,action_prune_react,0.0,0.0,3062.0
2194,action_prune_react,0.0,0.0,9582.0
3125,action_prune_react,1.0,1.0,3168.0
7350,action_prune_react,0.0,0.0,2067.0
4187,action_prune_react,1.0,1.0,1936.0
1564,action_prune_react,0.0,0.0,3067.0
8501,action_prune_react,1.0,1.0,2028.0
7826,action_prune_react,1.0,1.0,6035.0
2634,action_prune_react,1.0,1.0,2091.0
6223,action_prune_react,1.0,1.0,2154.0
2939,action_prune_react,0.0,0.0,5749.0
7736,action_prune_react,1.0,1.0,10253.0
6431,action_prune_react,0.0,0.0,3190.0
8853,action_prune_react,1.0,1.0,3238.0
8292,action_prune_react,1.0,1.0,2050.0
4922,action_prune_react,1.0,1.0,3020.0
9578,action_prune_react,1.0,1.0,2080.0
6280,action_prune_react,1.0,1.0,4671.0
5545,action_prune_react,0.0,0.0,3294.0
8144,action_prune_react,0.0,0.0,2011.0
9250,action_prune_react,0.0,0.0,5427.0
2632,action_prune_react,1.0,1.0,2028.0
1652,action_prune_react,1.0,1.0,3232.0
234,action_prune_react,0.0,0.0,4390.0
5535,action_prune_react,1.0,1.0,2046.0
2432,action_prune_react,1.0,1.0,3274.0
3854,action_prune_react,1.0,1.0,2250.0
9696,action_prune_react,1.0,1.0,3213.0
1950,action_prune_react,0.0,0.0,2053.0
342,action_prune_react,1.0,1.0,3033.0
6116,action_prune_react,0.0,0.0,9715.0
6266,action_prune_react,1.0,1.0,3068.0
6686,action_prune_react,0.0,0.0,4179.0
4877,action_prune_react,0.0,0.0,6876.0
705,action_prune_react,1.0,1.0,2154.0
6245,action_prune_react,1.0,1.0,2052.0
2278,action_prune_react,0.0,0.0,3115.0
8642,action_prune_react,1.0,1.0,1943.0
644,action_prune_react,0.0,0.0,5867.0
2850,action_prune_react,1.0,1.0,2020.0
5903,action_prune_react,1.0,1.0,9627.0
150,action_prune_react,0.0,0.0,2064.0
7976,action_prune_react,1.0,1.0,9619.0
867,action_prune_react,1.0,1.0,5642.0
6248,action_prune_react,1.0,1.0,2069.0
8712,action_prune_react,1.0,1.0,1982.0
4260,action_prune_react,0.0,0.0,2055.0
4562,action_prune_react,1.0,1.0,1976.0
441,action_prune_react,1.0,1.0,3247.0
1019,action_prune_react,1.0,1.0,2002.0
4950,action_prune_react,1.0,1.0,2012.0
7521,action_prune_react,1.0,1.0,2041.0
4312,action_prune_react,1.0,1.0,2042.0
294,action_prune_react,1.0,1.0,2007.0
1613,action_prune_react,1.0,1.0,2052.0
5524,action_prune_react,0.0,0.0,1979.0
9836,action_prune_react,1.0,1.0,1999.0
7088,action_prune_react,1.0,1.0,2074.0
1413,action_prune_react,1.0,1.0,2053.0
6656,action_prune_react,1.0,1.0,2086.0
9954,action_prune_react,0.0,0.0,9557.0
9131,action_prune_react,0.0,0.0,3168.0
5917,action_prune_react,1.0,1.0,4287.0
6853,action_prune_react,0.0,0.0,6553.0
7884,action_prune_react,1.0,1.0,1893.0
1068,action_prune_react,0.0,0.0,2032.0
470,action_prune_react,0.0,0.0,3369.0
4007,action_prune_react,1.0,1.0,2020.0
9761,action_prune_react,0.0,0.0,2019.0
2114,action_prune_react,1.0,1.0,2007.0
8199,action_prune_react,1.0,1.0,3202.0
3905,action_prune_react,1.0,1.0,8598.0
4218,action_prune_react,1.0,1.0,2170.0
2019,action_prune_react,1.0,1.0,2115.0
7525,action_prune_react,1.0,1.0,4806.0
3148,action_prune_react,0.0,0.0,9634.0
1924,action_prune_react,0.0,0.0,2066.0
4921,action_prune_react,1.0,1.0,2010.0
4410,action_prune_react,1.0,1.0,3170.0
2778,action_prune_react,1.0,1.0,1936.0
7732,action_prune_react,1.0,1.0,2049.0
3121,action_prune_react,1.0,1.0,1996.0
8565,action_prune_react,0.0,0.0,2006.0
5516,action_prune_react,0.0,0.0,2054.0
6857,action_prune_react,0.0,0.0,2004.0
4508,action_prune_react,1.0,1.0,1904.0
4025,action_prune_react,1.0,1.0,1904.0
6521,action_prune_react,0.0,0.0,2005.0
9396,action_prune_react,1.0,1.0,1986.0
7968,action_prune_react,1.0,1.0,4800.0
3,action_prune_react,0.0,0.0,1980.0
1495,action_prune_react,1.0,1.0,2024.0
7554,action_prune_react,1.0,1.0,2035.0
8074,action_prune_react,0.0,0.0,10173.0
2324,action_prune_react,1.0,1.0,2003.0
2406,action_prune_react,1.0,1.0,1954.0
699,action_prune_react,1.0,1.0,3154.0
5805,action_prune_react,1.0,1.0,9493.0
9070,action_prune_react,1.0,1.0,2025.0
2168,action_prune_react,1.0,1.0,3597.0
4086,action_prune_react,1.0,1.0,2109.0
8586,action_prune_react,0.0,0.0,3092.0
3675,action_prune_react,1.0,1.0,4230.0
7916,action_prune_react,1.0,1.0,2094.0
7103,action_prune_react,1.0,1.0,2029.0
4079,action_prune_react,0.0,0.0,2045.0
1857,action_prune_react,1.0,1.0,1992.0
3351,action_prune_react,0.0,0.0,6009.0
9800,action_prune_react,0.0,0.0,8831.0
2693,action_prune_react,1.0,1.0,5916.0
2119,action_prune_react,0.0,0.0,2136.0
44,action_prune_react,0.0,0.0,4862.0
4452,action_prune_react,1.0,1.0,2030.0
9903,action_prune_react,0.0,0.0,2021.0
2548,action_prune_react,0.0,0.0,2150.0
8675,action_prune_react,0.0,0.0,2038.0
7355,action_prune_react,1.0,1.0,2073.0
4326,action_prune_react,1.0,1.0,3018.0
3691,action_prune_react,1.0,1.0,1982.0
3568,action_prune_react,0.0,0.0,2030.0
762,action_prune_react,1.0,1.0,2017.0
2492,action_prune_react,0.0,0.0,3391.0
9445,action_prune_react,1.0,1.0,3084.0
7187,action_prune_react,0.0,0.0,6198.0
8129,action_prune_react,1.0,1.0,2067.0
6454,action_prune_react,1.0,1.0,1975.0
6886,action_prune_react,1.0,1.0,2042.0
1023,action_prune_react,0.0,0.0,4938.0
9981,action_prune_react,1.0,1.0,2060.0
8921,action_prune_react,0.0,0.0,2037.0
7674,action_prune_react,1.0,1.0,3164.0
2073,action_prune_react,0.0,0.0,9008.0
6466,action_prune_react,0.0,0.0,2178.0
6455,action_prune_react,1.0,1.0,6244.0
8956,action_prune_react,0.0,0.0,1990.0
3445,action_prune_react,1.0,1.0,2263.0
380,action_prune_react,0.0,0.0,2120.0
3018,action_prune_react,1.0,1.0,2071.0
5620,action_prune_react,1.0,1.0,3203.0
9889,action_prune_react,0.0,0.0,2005.0
5798,action_prune_react,1.0,1.0,2113.0
6458,action_prune_react,1.0,1.0,1973.0
9581,action_prune_react,0.0,0.0,9842.0
4608,action_prune_react,1.0,1.0,3166.0
225,action_prune_react,1.0,1.0,1975.0
3655,action_prune_react,0.0,0.0,7506.0
3831,action_prune_react,1.0,1.0,1971.0
1205,action_prune_react,1.0,1.0,2037.0
5373,action_prune_react,0.0,0.0,6747.0
2350,action_prune_react,1.0,1.0,3051.0
5728,action_prune_react,0.0,0.0,1997.0
1994,action_prune_react,0.0,0.0,2020.0
7409,action_prune_react,0.0,0.0,1979.0
2657,action_prune_react,1.0,1.0,2011.0
8960,action_prune_react,1.0,1.0,3089.0
8632,action_prune_react,1.0,1.0,2085.0
1789,action_prune_react,1.0,1.0,3078.0
8370,action_prune_react,1.0,1.0,2004.0
9965,action_prune_react,0.0,0.0,5083.0
1065,action_prune_react,1.0,1.0,3287.0
81,action_prune_react,0.0,0.0,1998.0
3581,action_prune_react,1.0,1.0,2003.0
4226,action_prune_react,0.0,0.0,10495.0
9322,action_prune_react,1.0,1.0,2090.0
8303,action_prune_react,1.0,1.0,4503.0
6932,action_prune_react,0.0,0.0,2060.0
9498,action_prune_react,1.0,1.0,4066.0
5381,action_prune_react,1.0,1.0,2019.0
4080,action_prune_react,1.0,1.0,1949.0
9871,action_prune_react,1.0,1.0,5506.0
2985,action_prune_react,1.0,1.0,1926.0
5364,action_prune_react,1.0,1.0,2069.0
120,action_prune_react,1.0,1.0,2115.0
9141,action_prune_react,1.0,1.0,1969.0
4324,action_prune_react,0.0,0.0,3238.0
7309,action_prune_react,1.0,1.0,1974.0
1527,action_prune_react,1.0,1.0,2064.0
7706,action_prune_react,1.0,1.0,2321.0
7453,action_prune_react,1.0,1.0,3301.0
6544,action_prune_react,1.0,1.0,2065.0
3255,action_prune_react,0.0,0.0,9304.0
6047,action_prune_react,1.0,1.0,2084.0
8422,action_prune_react,1.0,1.0,2111.0
7587,action_prune_react,1.0,1.0,3056.0
8275,action_prune_react,0.0,0.0,1869.0
9923,action_prune_react,1.0,1.0,2119.0
1419,action_prune_react,0.0,0.0,1960.0
6066,action_prune_react,1.0,1.0,2004.0
9359,action_prune_react,0.0,0.0,2044.0
7169,action_prune_react,1.0,1.0,3125.0
9109,action_prune_react,1.0,1.0,3146.0
905,action_prune_react,1.0,1.0,7656.0
4645,action_prune_react,1.0,1.0,9322.0
430,action_prune_react,1.0,1.0,3056.0
619,action_prune_react,0.0,0.0,3168.0
285,action_prune_react,1.0,1.0,1975.0
6739,action_prune_react,0.0,0.0,1877.0
5493,action_prune_react,1.0,1.0,1978.0
8766,action_prune_react,1.0,1.0,2268.0
2667,action_prune_react,0.0,0.0,2128.0
3750,action_prune_react,0.0,0.0,2011.0
5960,action_prune_react,1.0,1.0,2033.0
9634,action_prune_react,0.0,0.0,7635.0
3667,action_prune_react,1.0,1.0,2004.0
8684,action_prune_react,0.0,0.0,9545.0
9428,action_prune_react,0.0,0.0,1942.0
4805,action_prune_react,0.0,0.0,2159.0
7858,action_prune_react,1.0,1.0,3050.0
2745,action_prune_react,1.0,1.0,1945.0
7236,action_prune_react,1.0,1.0,10763.0
5536,action_prune_react,0.0,0.0,3686.0
3546,action_prune_react,1.0,1.0,2110.0
9454,action_prune_react,0.0,0.0,2030.0
193,action_prune_react,1.0,1.0,3036.0
4,action_prune_react,1.0,1.0,1984.0
6617,action_prune_react,0.0,0.0,9854.0
6348,action_prune_react,1.0,1.0,2014.0
1399,action_prune_react,1.0,1.0,3104.0
527,action_prune_react,1.0,1.0,2043.0
5217,action_prune_react,0.0,0.0,2131.0
8256,action_prune_react,0.0,0.0,2056.0
8100,action_prune_react,1.0,1.0,2138.0
8566,action_prune_react,1.0,1.0,8893.0
7795,action_prune_react,1.0,1.0,2022.0
2594,action_prune_react,0.0,0.0,3195.0
9341,action_prune_react,1.0,1.0,2017.0
5031,action_prune_react,0.0,0.0,2129.0
2692,action_prune_react,0.0,0.0,10072.0
9136,action_prune_react,1.0,1.0,2005.0
1952,action_prune_react,0.0,0.0,1941.0
9769,action_prune_react,0.0,0.0,3189.0
4159,action_prune_react,1.0,1.0,2010.0
7978,action_prune_react,1.0,1.0,1957.0
7365,action_prune_react,0.0,0.0,1968.0
6837,action_prune_react,0.0,0.0,10586.0
693,action_prune_react,0.0,0.0,4739.0
1412,action_prune_react,1.0,1.0,2016.0
9337,action_prune_react,1.0,1.0,3363.0
558,action_prune_react,0.0,0.0,1990.0
5629,action_prune_react,0.0,0.0,4326.0
1178,action_prune_react,1.0,1.0,2456.0
3026,action_prune_react,0.0,0.0,9102.0
5518,action_prune_react,0.0,0.0,2137.0
1122,action_prune_react,1.0,1.0,2018.0
1347,action_prune_react,1.0,1.0,1986.0
8720,action_prune_react,1.0,1.0,911.0
3017,action_prune_react,1.0,1.0,2022.0
913,action_prune_react,0.0,0.0,4446.0
4832,action_prune_react,1.0,1.0,3189.0
2570,action_prune_react,1.0,1.0,1977.0
1680,action_prune_react,1.0,1.0,4615.0
7539,action_prune_react,1.0,1.0,2029.0
4328,action_prune_react,0.0,0.0,1961.0
7847,action_prune_react,0.0,0.0,1963.0
6579,action_prune_react,1.0,1.0,2009.0
6331,action_prune_react,1.0,1.0,1953.0
5922,action_prune_react,0.0,0.0,9577.0
5352,action_prune_react,0.0,0.0,2002.0
6447,action_prune_react,1.0,1.0,3023.0
9767,action_prune_react,1.0,1.0,8106.0
8806,action_prune_react,1.0,1.0,3339.0
4027,action_prune_react,1.0,1.0,1969.0
1720,action_prune_react,1.0,1.0,9756.0
5025,action_prune_react,0.0,0.0,3081.0
4062,action_prune_react,0.0,0.0,1942.0
3764,action_prune_react,0.0,0.0,8813.0
2729,action_prune_react,1.0,1.0,2084.0
6165,action_prune_react,1.0,1.0,1985.0
1404,action_prune_react,1.0,1.0,3135.0
2623,action_prune_react,1.0,1.0,2086.0
4099,action_prune_react,1.0,1.0,10125.0
754,action_prune_react,1.0,1.0,10659.0
825,action_prune_react,0.0,0.0,4310.0
1738,action_prune_react,1.0,1.0,1996.0
6224,action_prune_react,1.0,1.0,3374.0
6535,action_prune_react,1.0,1.0,4607.0
7832,action_prune_react,1.0,1.0,2042.0
4754,action_prune_react,1.0,1.0,2005.0
633,action_prune_react,0.0,0.0,3176.0
3823,action_prune_react,0.0,0.0,4397.0
6087,action_prune_react,1.0,1.0,2018.0
4992,action_prune_react,0.0,0.0,7534.0
8661,action_prune_react,0.0,0.0,3556.0
5954,action_prune_react,0.0,0.0,2016.0
927,action_prune_react,1.0,1.0,4414.0
7288,action_prune_react,0.0,0.0,2070.0
5166,action_prune_react,1.0,1.0,7276.0
818,action_prune_react,1.0,1.0,3020.0
9794,action_prune_react,1.0,1.0,1971.0
8747,action_prune_react,1.0,1.0,4706.0
7196,action_prune_react,0.0,0.0,1994.0
9356,action_prune_react,0.0,0.0,2411.0
546,action_prune_react,0.0,0.0,3142.0
4091,action_prune_react,1.0,1.0,2056.0
4384,action_prune_react,1.0,1.0,1981.0
3254,action_prune_react,1.0,1.0,2116.0
3053,action_prune_react,1.0,1.0,9506.0
404,action_prune_react,1.0,1.0,1896.0
6611,action_prune_react,1.0,1.0,2005.0
8847,action_prune_react,1.0,1.0,2069.0
2919,action_prune_react,0.0,0.0,2181.0
1167,action_prune_react,1.0,1.0,3236.0
8408,action_prune_react,1.0,1.0,7906.0
5972,action_prune_react,1.0,1.0,4404.0
6036,action_prune_react,0.0,0.0,2005.0
5168,action_prune_react,1.0,1.0,2097.0
9670,action_prune_react,1.0,1.0,1931.0
5006,action_prune_react,1.0,1.0,5813.0
4425,action_prune_react,0.0,0.0,4331.0
2294,action_prune_react,0.0,0.0,2097.0
6464,action_prune_react,0.0,0.0,8922.0
8477,action_prune_react,1.0,1.0,3102.0
5871,action_prune_react,1.0,1.0,1956.0
232,action_prune_react,1.0,1.0,3206.0
880,action_prune_react,1.0,1.0,2127.0
9476,action_prune_react,1.0,1.0,2085.0
7051,action_prune_react,0.0,0.0,10531.0
5733,action_prune_react,1.0,1.0,3542.0
9370,action_prune_react,0.0,0.0,3273.0
8379,action_prune_react,1.0,1.0,2191.0
9395,action_prune_react,1.0,1.0,2098.0
2576,action_prune_react,1.0,1.0,2033.0
3095,action_prune_react,1.0,1.0,3862.0
3389,action_prune_react,0.0,0.0,1935.0
5501,action_prune_react,1.0,1.0,2102.0
7320,action_prune_react,1.0,1.0,2097.0
9459,action_prune_react,1.0,1.0,1990.0
9174,action_prune_react,0.0,0.0,3262.0
6696,action_prune_react,1.0,1.0,2191.0
273,action_prune_react,1.0,1.0,2058.0
9536,action_prune_react,1.0,1.0,9308.0
3550,action_prune_react,1.0,1.0,2003.0
2161,action_prune_react,0.0,0.0,8266.0
9989,action_prune_react,1.0,1.0,2016.0
5555,action_prune_react,1.0,1.0,1920.0
6747,action_prune_react,0.0,0.0,2030.0
244,action_prune_react,1.0,1.0,1887.0
9666,action_prune_react,1.0,1.0,2083.0
6849,action_prune_react,1.0,1.0,3054.0
5891,action_prune_react,0.0,0.0,4624.0
4320,action_prune_react,1.0,1.0,1956.0
3804,action_prune_react,1.0,1.0,4886.0
5440,action_prune_react,1.0,1.0,1963.0
6349,action_prune_react,1.0,1.0,1939.0
3015,action_prune_react,1.0,1.0,2019.0
6991,action_prune_react,0.0,0.0,1983.0
6526,action_prune_react,1.0,1.0,1954.0
16,action_prune_react,1.0,1.0,1988.0
3306,action_prune_react,1.0,1.0,3141.0
4885,action_prune_react,1.0,1.0,1992.0
7083,action_prune_react,0.0,0.0,4581.0
6971,action_prune_react,0.0,0.0,2027.0
4923,action_prune_react,1.0,1.0,1934.0
6829,action_prune_react,1.0,1.0,2004.0
2186,action_prune_react,0.0,0.0,2025.0
2107,action_prune_react,0.0,0.0,10068.0
3266,action_prune_react,1.0,1.0,3019.0
8571,action_prune_react,1.0,1.0,1996.0
846,action_prune_react,0.0,0.0,9417.0
7445,action_prune_react,0.0,0.0,9119.0
7831,action_prune_react,0.0,0.0,4950.0
8350,action_prune_react,0.0,0.0,2104.0
5855,action_prune_react,1.0,1.0,3167.0
8808,action_prune_react,1.0,1.0,3056.0
7423,action_prune_react,0.0,0.0,10115.0
9055,action_prune_react,0.0,0.0,4194.0
3547,action_prune_react,0.0,0.0,2141.0
9409,action_prune_react,1.0,1.0,2054.0
7989,action_prune_react,1.0,1.0,3209.0
41,action_prune_react,1.0,1.0,1959.0
4728,action_prune_react,1.0,1.0,4594.0
1594,action_prune_react,1.0,1.0,1996.0
669,action_prune_react,0.0,0.0,2012.0
3747,action_prune_react,1.0,1.0,2070.0
446,action_prune_react,0.0,0.0,3412.0
5030,action_prune_react,1.0,1.0,1978.0
5161,action_prune_react,0.0,0.0,2071.0
259,action_prune_react,1.0,1.0,3127.0
2703,action_prune_react,1.0,1.0,1916.0
8028,action_prune_react,0.0,0.0,9447.0
857,action_prune_react,1.0,1.0,1957.0
3604,action_prune_react,1.0,1.0,3179.0
3968,action_prune_react,1.0,1.0,2104.0
3069,action_prune_react,1.0,1.0,3163.0
9503,action_prune_react,0.0,0.0,1940.0
1208,action_prune_react,1.0,1.0,2090.0
7091,action_prune_react,1.0,1.0,3067.0
5552,action_prune_react,0.0,0.0,3123.0
9120,action_prune_react,1.0,1.0,4658.0
1746,action_prune_react,1.0,1.0,3154.0
806,action_prune_react,1.0,1.0,2129.0
226,action_prune_react,0.0,0.0,1988.0
1552,action_prune_react,1.0,1.0,1951.0
6753,action_prune_react,0.0,0.0,2003.0
9529,action_prune_react,0.0,0.0,8969.0
9202,action_prune_react,0.0,0.0,9421.0
7840,action_prune_react,1.0,1.0,1944.0
3284,action_prune_react,0.0,0.0,2016.0
5579,action_prune_react,1.0,1.0,3368.0
5971,action_prune_react,1.0,1.0,3168.0
1354,action_prune_react,1.0,1.0,2040.0
5816,action_prune_react,1.0,1.0,9664.0
7649,action_prune_react,0.0,0.0,2052.0
2146,action_prune_react,1.0,1.0,2014.0
7842,action_prune_react,1.0,1.0,2530.0
906,action_prune_react,1.0,1.0,2084.0
4974,action_prune_react,1.0,1.0,2197.0
394,action_prune_react,0.0,0.0,2149.0
1092,action_prune_react,0.0,0.0,8102.0
3169,action_prune_react,1.0,1.0,2344.0
1589,action_prune_react,0.0,0.0,1958.0
7899,action_prune_react,0.0,0.0,1981.0
3603,action_prune_react,0.0,0.0,2173.0
6996,action_prune_react,1.0,1.0,1976.0
8123,action_prune_react,1.0,1.0,1959.0
3817,action_prune_react,1.0,1.0,3366.0
5277,action_prune_react,1.0,1.0,2142.0
1098,action_prune_react,1.0,1.0,1995.0
4369,action_prune_react,0.0,0.0,8875.0
1402,action_prune_react,1.0,1.0,3210.0
2464,action_prune_react,0.0,0.0,3335.0
5090,action_prune_react,1.0,1.0,2017.0
8952,action_prune_react,1.0,1.0,3125.0
6031,action_prune_react,1.0,1.0,1990.0
7440,action_prune_react,0.0,0.0,1959.0
7717,action_prune_react,1.0,1.0,1982.0
5042,action_prune_react,0.0,0.0,2013.0
8075,action_prune_react,1.0,1.0,3058.0
1330,action_prune_react,1.0,1.0,2050.0
5762,action_prune_react,1.0,1.0,3067.0
7069,action_prune_react,0.0,0.0,4476.0
2577,action_prune_react,1.0,1.0,2079.0
7030,action_prune_react,1.0,1.0,1951.0
5163,action_prune_react,1.0,1.0,10129.0
4144,action_prune_react,1.0,1.0,3123.0
9172,action_prune_react,1.0,1.0,2072.0
3641,action_prune_react,0.0,0.0,3201.0
292,action_prune_react,1.0,1.0,2021.0
9768,action_prune_react,0.0,0.0,2056.0
1765,action_prune_react,1.0,1.0,2133.0
1726,action_prune_react,0.0,0.0,9438.0
7382,action_prune_react,1.0,1.0,4888.0
1887,action_prune_react,1.0,1.0,2074.0
3047,action_prune_react,0.0,0.0,888.0
1936,action_prune_react,1.0,1.0,2047.0
3898,action_prune_react,1.0,1.0,3164.0
4221,action_prune_react,1.0,1.0,2057.0
7822,action_prune_react,0.0,0.0,7531.0
5229,action_prune_react,1.0,1.0,2141.0
7564,action_prune_react,0.0,0.0,5690.0
4993,action_prune_react,0.0,0.0,8637.0
1783,action_prune_react,1.0,1.0,2057.0
9724,action_prune_react,1.0,1.0,1962.0
8772,action_prune_react,1.0,1.0,2055.0
3020,action_prune_react,0.0,0.0,3128.0
2925,action_prune_react,0.0,0.0,2074.0
4125,action_prune_react,1.0,1.0,2035.0
8289,action_prune_react,0.0,0.0,8668.0
6406,action_prune_react,1.0,1.0,2065.0
1139,action_prune_react,1.0,1.0,2100.0
4210,action_prune_react,1.0,1.0,2071.0
227,action_prune_react,0.0,0.0,2083.0
1012,action_prune_react,1.0,1.0,1974.0
2639,action_prune_react,1.0,1.0,2407.0
8930,action_prune_react,1.0,1.0,3217.0
7336,action_prune_react,0.0,0.0,1968.0
4790,action_prune_react,0.0,0.0,3100.0
6638,action_prune_react,1.0,1.0,2022.0
1575,action_prune_react,0.0,0.0,2050.0
5343,action_prune_react,1.0,1.0,3075.0
2690,action_prune_react,0.0,0.0,4896.0
7428,action_prune_react,1.0,1.0,2056.0
642,action_prune_react,1.0,1.0,1990.0
1941,action_prune_react,0.0,0.0,2257.0
9612,action_prune_react,1.0,1.0,3101.0
1276,action_prune_react,0.0,0.0,2163.0
6111,action_prune_react,1.0,1.0,2269.0
1384,action_prune_react,1.0,1.0,3051.0
5302,action_prune_react,0.0,0.0,4532.0
3370,action_prune_react,1.0,1.0,3121.0
5092,action_prune_react,1.0,1.0,2036.0
8744,action_prune_react,1.0,1.0,1992.0
6798,action_prune_react,1.0,1.0,2046.0
609,action_prune_react,1.0,1.0,9198.0
8729,action_prune_react,1.0,1.0,4417.0
2990,action_prune_react,1.0,1.0,2062.0
1615,action_prune_react,1.0,1.0,1970.0
5378,action_prune_react,1.0,1.0,2137.0
4373,reflexion_react,0.0,0.0,30742.0
4411,reflexion_react,1.0,1.0,2143.0
7752,reflexion_react,1.0,1.0,10759.0
2078,reflexion_react,0.0,0.0,82026.0
7777,reflexion_react,1.0,1.0,1981.0
7398,reflexion_react,1.0,1.0,2045.0
2021,reflexion_react,1.0,1.0,3062.0
8755,reflexion_react,1.0,1.0,20529.0
4242,reflexion_react,0.0,0.0,78066.0
5880,reflexion_react,1.0,1.0,4518.0
4795,reflexion_react,1.0,1.0,2077.0
9500,reflexion_react,1.0,1.0,2007.0
344,reflexion_react,0.0,0.0,38964.0
2194,reflexion_react,0.0,0.0,105936.0
3125,reflexion_react,1.0,1.0,3148.0
7350,reflexion_react,1.0,1.0,19774.0
4187,reflexion_react,1.0,1.0,1936.0
1564,reflexion_react,1.0,1.0,8573.0
8501,reflexion_react,1.0,1.0,2028.0
7826,reflexion_react,1.0,1.0,4529.0
2634,reflexion_react,1.0,1.0,2091.0
6223,reflexion_react,1.0,1.0,2154.0
2939,reflexion_react,0.0,0.0,54614.0
7736,reflexion_react,1.0,1.0,27556.0
6431,reflexion_react,1.0,1.0,46290.0
8853,reflexion_react,1.0,1.0,3238.0
8292,reflexion_react,1.0,1.0,2050.0
4922,reflexion_react,1.0,1.0,3052.0
9578,reflexion_react,1.0,1.0,2080.0
6280,reflexion_react,1.0,1.0,5878.0
5545,reflexion_react,1.0,1.0,8761.0
8144,reflexion_react,1.0,1.0,45552.0
9250,reflexion_react,1.0,1.0,33906.0
2632,reflexion_react,1.0,1.0,2028.0
1652,reflexion_react,1.0,1.0,3232.0
234,reflexion_react,1.0,1.0,39593.0
5535,reflexion_react,1.0,1.0,2046.0
2432,reflexion_react,1.0,1.0,3274.0
3854,reflexion_react,1.0,1.0,2250.0
9696,reflexion_react,1.0,1.0,3215.0
1950,reflexion_react,1.0,1.0,6267.0
342,reflexion_react,1.0,1.0,3021.0
6116,reflexion_react,1.0,1.0,30201.0
6266,reflexion_react,1.0,1.0,3054.0
6686,reflexion_react,0.0,0.0,47948.0
4877,reflexion_react,1.0,1.0,19948.0
705,reflexion_react,1.0,1.0,2154.0
6245,reflexion_react,1.0,1.0,2046.0
2278,reflexion_react,1.0,1.0,11839.0
8642,reflexion_react,1.0,1.0,1941.0
644,reflexion_react,1.0,1.0,11474.0
2850,reflexion_react,1.0,1.0,2020.0
5903,reflexion_react,1.0,1.0,9402.0
150,reflexion_react,0.0,0.0,33444.0
7976,reflexion_react,1.0,1.0,9280.0
867,reflexion_react,1.0,1.0,5654.0
6248,reflexion_react,1.0,1.0,2069.0
8712,reflexion_react,1.0,1.0,1991.0
4260,reflexion_react,0.0,0.0,30754.0
4562,reflexion_react,1.0,1.0,1976.0
441,reflexion_react,1.0,1.0,3247.0
1019,reflexion_react,1.0,1.0,2002.0
4950,reflexion_react,1.0,1.0,2027.0
7521,reflexion_react,1.0,1.0,2041.0
4312,reflexion_react,1.0,1.0,2042.0
294,reflexion_react,1.0,1.0,2007.0
1613,reflexion_react,1.0,1.0,2040.0
5524,reflexion_react,0.0,0.0,32902.0
9836,reflexion_react,1.0,1.0,1983.0
7088,reflexion_react,1.0,1.0,2074.0
1413,reflexion_react,0.0,0.0,30357.0
6656,reflexion_react,1.0,1.0,2086.0
9954,reflexion_react,0.0,0.0,83907.0
9131,reflexion_react,0.0,0.0,31958.0
5917,reflexion_react,1.0,1.0,4293.0
6853,reflexion_react,0.0,0.0,86329.0
7884,reflexion_react,1.0,1.0,1893.0
1068,reflexion_react,0.0,0.0,35258.0
470,reflexion_react,1.0,1.0,9335.0
4007,reflexion_react,1.0,1.0,2019.0
9761,reflexion_react,0.0,0.0,30027.0
2114,reflexion_react,1.0,1.0,2007.0
8199,reflexion_react,1.0,1.0,10830.0
3905,reflexion_react,1.0,1.0,9057.0
4218,reflexion_react,1.0,1.0,6581.0
2019,reflexion_react,1.0,1.0,2115.0
7525,reflexion_react,1.0,1.0,4827.0
3148,reflexion_react,0.0,0.0,86313.0
1924,reflexion_react,1.0,1.0,37806.0
4921,reflexion_react,1.0,1.0,2007.0
4410,reflexion_react,1.0,1.0,3171.0
2778,reflexion_react,1.0,1.0,1936.0
7732,reflexion_react,1.0,1.0,2049.0
3121,reflexion_react,1.0,1.0,1996.0
8565,reflexion_react,0.0,0.0,31752.0
5516,reflexion_react,0.0,0.0,31413.0
6857,reflexion_react,0.0,0.0,61982.0
4508,reflexion_react,1.0,1.0,1910.0
4025,reflexion_react,1.0,1.0,1904.0
6521,reflexion_react,0.0,0.0,37689.0
9396,reflexion_react,1.0,1.0,1986.0
7968,reflexion_react,1.0,1.0,20218.0
3,reflexion_react,0.0,0.0,38420.0
1495,reflexion_react,1.0,1.0,9862.0
7554,reflexion_react,1.0,1.0,2029.0
8074,reflexion_react,1.0,1.0,63100.0
2324,reflexion_react,1.0,1.0,1995.0
2406,reflexion_react,1.0,1.0,1954.0
699,reflexion_react,1.0,1.0,3154.0
5805,reflexion_react,1.0,1.0,9129.0
9070,reflexion_react,1.0,1.0,2025.0
2168,reflexion_react,0.0,0.0,95048.0
4086,reflexion_react,1.0,1.0,2109.0
8586,reflexion_react,0.0,0.0,72461.0
3675,reflexion_react,1.0,1.0,3071.0
7916,reflexion_react,1.0,1.0,2094.0
7103,reflexion_react,1.0,1.0,2029.0
4079,reflexion_react,1.0,1.0,18911.0
1857,reflexion_react,1.0,1.0,1984.0
3351,reflexion_react,0.0,0.0,105775.0
9800,reflexion_react,1.0,1.0,9125.0
2693,reflexion_react,1.0,1.0,3177.0
2119,reflexion_react,0.0,0.0,51961.0
44,reflexion_react,1.0,1.0,6447.0
4452,reflexion_react,1.0,1.0,2041.0
9903,reflexion_react,0.0,0.0,32413.0
2548,reflexion_react,1.0,1.0,25956.0
8675,reflexion_react,0.0,0.0,30522.0
7355,reflexion_react,1.0,1.0,2073.0
4326,reflexion_react,1.0,1.0,3018.0
3691,reflexion_react,1.0,1.0,1982.0
3568,reflexion_react,1.0,1.0,6250.0
762,reflexion_react,1.0,1.0,2017.0
2492,reflexion_react,0.0,0.0,102885.0
9445,reflexion_react,1.0,1.0,3084.0
7187,reflexion_react,0.0,0.0,88497.0
8129,reflexion_react,1.0,1.0,2067.0
6454,reflexion_react,1.0,1.0,1975.0
6886,reflexion_react,1.0,1.0,2042.0
1023,reflexion_react,0.0,0.0,56135.0
9981,reflexion_react,1.0,1.0,2009.0
8921,reflexion_react,1.0,1.0,7840.0
7674,reflexion_react,1.0,1.0,3164.0
2073,reflexion_react,1.0,1.0,13967.0
6466,reflexion_react,0.0,0.0,36454.0
6455,reflexion_react,1.0,1.0,6232.0
8956,reflexion_react,1.0,1.0,6206.0
3445,reflexion_react,1.0,1.0,2263.0
380,reflexion_react,0.0,0.0,33749.0
3018,reflexion_react,1.0,1.0,2071.0
5620,reflexion_react,1.0,1.0,3203.0
9889,reflexion_react,0.0,0.0,32873.0
5798,reflexion_react,1.0,1.0,2113.0
6458,reflexion_react,1.0,1.0,1973.0
9581,reflexion_react,1.0,1.0,100669.0
4608,reflexion_react,1.0,1.0,3177.0
225,reflexion_react,1.0,1.0,1973.0
3655,reflexion_react,1.0,1.0,17341.0
3831,reflexion_react,1.0,1.0,1971.0
1205,reflexion_react,1.0,1.0,2037.0
5373,reflexion_react,1.0,1.0,29538.0
2350,reflexion_react,1.0,1.0,3029.0
5728,reflexion_react,1.0,1.0,6157.0
1994,reflexion_react,0.0,0.0,31539.0
7409,reflexion_react,0.0,0.0,58408.0
2657,reflexion_react,1.0,1.0,1982.0
8960,reflexion_react,1.0,1.0,3089.0
8632,reflexion_react,1.0,1.0,2085.0
1789,reflexion_react,1.0,1.0,3037.0
8370,reflexion_react,1.0,1.0,2004.0
9965,reflexion_react,1.0,1.0,22040.0
1065,reflexion_react,1.0,1.0,3287.0
81,reflexion_react,0.0,0.0,30093.0
3581,reflexion_react,1.0,1.0,2003.0
4226,reflexion_react,1.0,1.0,76892.0
9322,reflexion_react,1.0,1.0,2085.0
8303,reflexion_react,1.0,1.0,3243.0
6932,reflexion_react,1.0,1.0,10485.0
9498,reflexion_react,1.0,1.0,1847.0
5381,reflexion_react,1.0,1.0,2019.0
4080,reflexion_react,1.0,1.0,3080.0
9871,reflexion_react,1.0,1.0,9657.0
2985,reflexion_react,1.0,1.0,1926.0
5364,reflexion_react,1.0,1.0,2069.0
120,reflexion_react,1.0,1.0,2115.0
9141,reflexion_react,1.0,1.0,1913.0
4324,reflexion_react,0.0,0.0,43483.0
7309,reflexion_react,1.0,1.0,1974.0
1527,reflexion_react,1.0,1.0,2064.0
7706,reflexion_react,1.0,1.0,2321.0
7453,reflexion_react,1.0,1.0,3291.0
6544,reflexion_react,1.0,1.0,2065.0
3255,reflexion_react,1.0,1.0,3160.0
6047,reflexion_react,1.0,1.0,2093.0
8422,reflexion_react,1.0,1.0,2111.0
7587,reflexion_react,1.0,1.0,3106.0
8275,reflexion_react,0.0,0.0,34231.0
9923,reflexion_react,1.0,1.0,2119.0
1419,reflexion_react,1.0,1.0,5943.0
6066,reflexion_react,1.0,1.0,2004.0
9359,reflexion_react,0.0,0.0,36499.0
7169,reflexion_react,1.0,1.0,3305.0
9109,reflexion_react,1.0,1.0,3141.0
905,reflexion_react,1.0,1.0,4357.0
4645,reflexion_react,1.0,1.0,18514.0
430,reflexion_react,1.0,1.0,3056.0
619,reflexion_react,1.0,1.0,22961.0
285,reflexion_react,1.0,1.0,1975.0
6739,reflexion_react,1.0,1.0,4386.0
5493,reflexion_react,1.0,1.0,1978.0
8766,reflexion_react,1.0,1.0,11356.0
2667,reflexion_react,1.0,1.0,9312.0
3750,reflexion_react,1.0,1.0,23506.0
5960,reflexion_react,1.0,1.0,2033.0
9634,reflexion_react,1.0,1.0,21625.0
3667,reflexion_react,1.0,1.0,2004.0
8684,reflexion_react,0.0,0.0,105650.0
9428,reflexion_react,0.0,0.0,30396.0
4805,reflexion_react,0.0,0.0,85092.0
7858,reflexion_react,1.0,1.0,3065.0
2745,reflexion_react,1.0,1.0,1945.0
7236,reflexion_react,1.0,1.0,20009.0
5536,reflexion_react,1.0,1.0,50643.0
3546,reflexion_react,1.0,1.0,2110.0
9454,reflexion_react,0.0,0.0,41231.0
193,reflexion_react,1.0,1.0,4280.0
4,reflexion_react,1.0,1.0,1984.0
6617,reflexion_react,0.0,0.0,94140.0
6348,reflexion_react,1.0,1.0,2014.0
1399,reflexion_react,1.0,1.0,3094.0
527,reflexion_react,1.0,1.0,2043.0
5217,reflexion_react,1.0,1.0,6837.0
8256,reflexion_react,0.0,0.0,33480.0
8100,reflexion_react,1.0,1.0,2138.0
8566,reflexion_react,1.0,1.0,8903.0
7795,reflexion_react,1.0,1.0,2022.0
2594,reflexion_react,1.0,1.0,3099.0
9341,reflexion_react,1.0,1.0,2017.0
5031,reflexion_react,1.0,1.0,41668.0
2692,reflexion_react,0.0,0.0,104273.0
9136,reflexion_react,1.0,1.0,2005.0
1952,reflexion_react,0.0,0.0,29429.0
9769,reflexion_react,0.0,0.0,43928.0
4159,reflexion_react,1.0,1.0,2010.0
7978,reflexion_react,1.0,1.0,1957.0
7365,reflexion_react,1.0,1.0,21481.0
6837,reflexion_react,0.0,0.0,113205.0
693,reflexion_react,1.0,1.0,19673.0
1412,reflexion_react,1.0,1.0,2016.0
9337,reflexion_react,1.0,1.0,3359.0
558,reflexion_react,0.0,0.0,30983.0
5629,reflexion_react,1.0,1.0,28716.0
1178,reflexion_react,1.0,1.0,2454.0
3026,reflexion_react,1.0,1.0,76562.0
5518,reflexion_react,1.0,1.0,54674.0
1122,reflexion_react,1.0,1.0,2018.0
1347,reflexion_react,1.0,1.0,1986.0
8720,reflexion_react,1.0,1.0,904.0
3017,reflexion_react,1.0,1.0,2022.0
913,reflexion_react,0.0,0.0,42115.0
4832,reflexion_react,1.0,1.0,3215.0
2570,reflexion_react,1.0,1.0,1977.0
1680,reflexion_react,1.0,1.0,4608.0
7539,reflexion_react,1.0,1.0,2023.0
4328,reflexion_react,1.0,1.0,10711.0
7847,reflexion_react,0.0,0.0,30633.0
6579,reflexion_react,1.0,1.0,3062.0
6331,reflexion_react,1.0,1.0,1953.0
5922,reflexion_react,0.0,0.0,96612.0
5352,reflexion_react,0.0,0.0,32132.0
6447,reflexion_react,1.0,1.0,3027.0
9767,reflexion_react,1.0,1.0,2080.0
8806,reflexion_react,1.0,1.0,3339.0
4027,reflexion_react,1.0,1.0,1969.0
1720,reflexion_react,1.0,1.0,9745.0
5025,reflexion_react,1.0,1.0,17986.0
4062,reflexion_react,0.0,0.0,29126.0
3764,reflexion_react,1.0,1.0,76276.0
2729,reflexion_react,1.0,1.0,2084.0
6165,reflexion_react,1.0,1.0,1985.0
1404,reflexion_react,1.0,1.0,3135.0
2623,reflexion_react,1.0,1.0,2086.0
4099,reflexion_react,1.0,1.0,9813.0
754,reflexion_react,1.0,1.0,9872.0
825,reflexion_react,0.0,0.0,49990.0
1738,reflexion_react,1.0,1.0,1996.0
6224,reflexion_react,1.0,1.0,3366.0
6535,reflexion_react,1.0,1.0,4615.0
7832,reflexion_react,1.0,1.0,2042.0
4754,reflexion_react,1.0,1.0,2005.0
633,reflexion_react,0.0,0.0,97604.0
3823,reflexion_react,1.0,1.0,92075.0
6087,reflexion_react,1.0,1.0,2018.0
4992,reflexion_react,1.0,1.0,67213.0
8661,reflexion_react,1.0,1.0,15541.0
5954,reflexion_react,1.0,1.0,32899.0
927,reflexion_react,1.0,1.0,4400.0
7288,reflexion_react,1.0,1.0,16262.0
5166,reflexion_react,0.0,0.0,53607.0
818,reflexion_react,1.0,1.0,3016.0
9794,reflexion_react,1.0,1.0,1974.0
8747,reflexion_react,1.0,1.0,4739.0
7196,reflexion_react,0.0,0.0,34022.0
9356,reflexion_react,1.0,1.0,34527.0
546,reflexion_react,1.0,1.0,15421.0
4091,reflexion_react,1.0,1.0,2056.0
4384,reflexion_react,1.0,1.0,1981.0
3254,reflexion_react,1.0,1.0,2082.0
3053,reflexion_react,1.0,1.0,13260.0
404,reflexion_react,1.0,1.0,1896.0
6611,reflexion_react,1.0,1.0,2005.0
8847,reflexion_react,1.0,1.0,2069.0
2919,reflexion_react,0.0,0.0,33676.0
1167,reflexion_react,1.0,1.0,3279.0
8408,reflexion_react,1.0,1.0,7795.0
5972,reflexion_react,1.0,1.0,18911.0
6036,reflexion_react,0.0,0.0,29985.0
5168,reflexion_react,1.0,1.0,2117.0
9670,reflexion_react,1.0,1.0,1931.0
5006,reflexion_react,1.0,1.0,3186.0
4425,reflexion_react,0.0,0.0,44632.0
2294,reflexion_react,0.0,0.0,31291.0
6464,reflexion_react,1.0,1.0,39329.0
8477,reflexion_react,1.0,1.0,1986.0
5871,reflexion_react,1.0,1.0,1956.0
232,reflexion_react,1.0,1.0,3194.0
880,reflexion_react,1.0,1.0,2128.0
9476,reflexion_react,1.0,1.0,2085.0
7051,reflexion_react,0.0,0.0,103927.0
5733,reflexion_react,1.0,1.0,3542.0
9370,reflexion_react,1.0,1.0,16339.0
8379,reflexion_react,1.0,1.0,2191.0
9395,reflexion_react,1.0,1.0,2089.0
2576,reflexion_react,1.0,1.0,2033.0
3095,reflexion_react,1.0,1.0,3860.0
3389,reflexion_react,1.0,1.0,5959.0
5501,reflexion_react,1.0,1.0,2102.0
7320,reflexion_react,1.0,1.0,2097.0
9459,reflexion_react,1.0,1.0,1990.0
9174,reflexion_react,0.0,0.0,67002.0
6696,reflexion_react,1.0,1.0,2191.0
273,reflexion_react,1.0,1.0,2058.0
9536,reflexion_react,1.0,1.0,9605.0
3550,reflexion_react,1.0,1.0,2003.0
2161,reflexion_react,1.0,1.0,25350.0
9989,reflexion_react,1.0,1.0,2016.0
5555,reflexion_react,1.0,1.0,1912.0
6747,reflexion_react,1.0,1.0,13957.0
244,reflexion_react,1.0,1.0,1887.0
9666,reflexion_react,1.0,1.0,2083.0
6849,reflexion_react,1.0,1.0,3054.0
5891,reflexion_react,0.0,0.0,53280.0
4320,reflexion_react,1.0,1.0,1956.0
3804,reflexion_react,1.0,1.0,4904.0
5440,reflexion_react,1.0,1.0,1963.0
6349,reflexion_react,1.0,1.0,1939.0
3015,reflexion_react,1.0,1.0,2019.0
6991,reflexion_react,0.0,0.0,30066.0
6526,reflexion_react,1.0,1.0,3098.0
16,reflexion_react,1.0,1.0,1988.0
3306,reflexion_react,1.0,1.0,3112.0
4885,reflexion_react,1.0,1.0,1992.0
7083,reflexion_react,1.0,1.0,12600.0
6971,reflexion_react,0.0,0.0,31708.0
4923,reflexion_react,1.0,1.0,1934.0
6829,reflexion_react,1.0,1.0,2004.0
2186,reflexion_react,0.0,0.0,30474.0
2107,reflexion_react,1.0,1.0,17020.0
3266,reflexion_react,1.0,1.0,3019.0
8571,reflexion_react,1.0,1.0,1996.0
846,reflexion_react,1.0,1.0,29917.0
7445,reflexion_react,0.0,0.0,100233.0
7831,reflexion_react,1.0,1.0,12104.0
8350,reflexion_react,0.0,0.0,32651.0
5855,reflexion_react,1.0,1.0,3165.0
8808,reflexion_react,1.0,1.0,3056.0
7423,reflexion_react,1.0,1.0,33896.0
9055,reflexion_react,1.0,1.0,14878.0
3547,reflexion_react,1.0,1.0,6668.0
9409,reflexion_react,1.0,1.0,2054.0
7989,reflexion_react,1.0,1.0,3206.0
41,reflexion_react,1.0,1.0,1959.0
4728,reflexion_react,1.0,1.0,4524.0
1594,reflexion_react,1.0,1.0,1996.0
669,reflexion_react,0.0,0.0,83317.0
3747,reflexion_react,1.0,1.0,2058.0
446,reflexion_react,1.0,1.0,23346.0
5030,reflexion_react,1.0,1.0,1977.0
5161,reflexion_react,0.0,0.0,34176.0
259,reflexion_react,1.0,1.0,3100.0
2703,reflexion_react,1.0,1.0,1916.0
8028,reflexion_react,1.0,1.0,51122.0
857,reflexion_react,1.0,1.0,1957.0
3604,reflexion_react,1.0,1.0,3179.0
3968,reflexion_react,1.0,1.0,2104.0
3069,reflexion_react,1.0,1.0,8312.0
9503,reflexion_react,0.0,0.0,30432.0
1208,reflexion_react,1.0,1.0,2090.0
7091,reflexion_react,1.0,1.0,3063.0
5552,reflexion_react,0.0,0.0,53145.0
9120,reflexion_react,1.0,1.0,4590.0
1746,reflexion_react,1.0,1.0,3193.0
806,reflexion_react,1.0,1.0,2129.0
226,reflexion_react,0.0,0.0,37520.0
1552,reflexion_react,1.0,1.0,1951.0
6753,reflexion_react,0.0,0.0,32057.0
9529,reflexion_react,0.0,0.0,79381.0
9202,reflexion_react,0.0,0.0,111470.0
7840,reflexion_react,1.0,1.0,1944.0
3284,reflexion_react,0.0,0.0,33293.0
5579,reflexion_react,1.0,1.0,3332.0
5971,reflexion_react,1.0,1.0,3168.0
1354,reflexion_react,1.0,1.0,2040.0
5816,reflexion_react,1.0,1.0,9661.0
7649,reflexion_react,0.0,0.0,31992.0
2146,reflexion_react,1.0,1.0,2014.0
7842,reflexion_react,1.0,1.0,2530.0
906,reflexion_react,1.0,1.0,2079.0
4974,reflexion_react,1.0,1.0,2197.0
394,reflexion_react,1.0,1.0,7988.0
1092,reflexion_react,1.0,1.0,15841.0
3169,reflexion_react,1.0,1.0,2344.0
1589,reflexion_react,1.0,1.0,38092.0
7899,reflexion_react,0.0,0.0,30910.0
3603,reflexion_react,0.0,0.0,32464.0
6996,reflexion_react,1.0,1.0,1976.0
8123,reflexion_react,1.0,1.0,1959.0
3817,reflexion_react,1.0,1.0,3366.0
5277,reflexion_react,1.0,1.0,2142.0
1098,reflexion_react,1.0,1.0,1995.0
4369,reflexion_react,1.0,1.0,44124.0
1402,reflexion_react,1.0,1.0,3249.0
2464,reflexion_react,0.0,0.0,49768.0
5090,reflexion_react,1.0,1.0,2017.0
8952,reflexion_react,1.0,1.0,3125.0
6031,reflexion_react,1.0,1.0,1990.0
7440,reflexion_react,0.0,0.0,30947.0
7717,reflexion_react,1.0,1.0,1982.0
5042,reflexion_react,0.0,0.0,82749.0
8075,reflexion_react,1.0,1.0,3076.0
1330,reflexion_react,1.0,1.0,2050.0
5762,reflexion_react,1.0,1.0,3059.0
7069,reflexion_react,1.0,1.0,3101.0
2577,reflexion_react,1.0,1.0,2079.0
7030,reflexion_react,1.0,1.0,1956.0
5163,reflexion_react,1.0,1.0,18027.0
4144,reflexion_react,1.0,1.0,3121.0
9172,reflexion_react,1.0,1.0,3216.0
3641,reflexion_react,0.0,0.0,81695.0
292,reflexion_react,1.0,1.0,2021.0
9768,reflexion_react,0.0,0.0,31650.0
1765,reflexion_react,1.0,1.0,2133.0
1726,reflexion_react,0.0,0.0,102826.0
7382,reflexion_react,1.0,1.0,4823.0
1887,reflexion_react,1.0,1.0,2074.0
3047,reflexion_react,1.0,1.0,1927.0
1936,reflexion_react,1.0,1.0,2047.0
3898,reflexion_react,1.0,1.0,3173.0
4221,reflexion_react,1.0,1.0,2057.0
7822,reflexion_react,1.0,1.0,9199.0
5229,reflexion_react,1.0,1.0,2141.0
7564,reflexion_react,0.0,0.0,90691.0
4993,reflexion_react,1.0,1.0,14985.0
1783,reflexion_react,1.0,1.0,2075.0
9724,reflexion_react,1.0,1.0,1962.0
8772,reflexion_react,1.0,1.0,2055.0
3020,reflexion_react,1.0,1.0,24309.0
2925,reflexion_react,0.0,0.0,32794.0
4125,reflexion_react,1.0,1.0,2034.0
8289,reflexion_react,1.0,1.0,9025.0
6406,reflexion_react,1.0,1.0,2063.0
1139,reflexion_react,1.0,1.0,2100.0
4210,reflexion_react,1.0,1.0,2071.0
227,reflexion_react,1.0,1.0,6693.0
1012,reflexion_react,1.0,1.0,1974.0
2639,reflexion_react,1.0,1.0,2407.0
8930,reflexion_react,1.0,1.0,3173.0
7336,reflexion_react,0.0,0.0,72996.0
4790,reflexion_react,0.0,0.0,98022.0
6638,reflexion_react,1.0,1.0,2023.0
1575,reflexion_react,0.0,0.0,37192.0
5343,reflexion_react,1.0,1.0,3079.0
2690,reflexion_react,1.0,1.0,14434.0
7428,reflexion_react,1.0,1.0,2056.0
642,reflexion_react,1.0,1.0,1990.0
1941,reflexion_react,0.0,0.0,42118.0
9612,reflexion_react,1.0,1.0,3101.0
1276,reflexion_react,0.0,0.0,43824.0
6111,reflexion_react,1.0,1.0,2286.0
1384,reflexion_react,1.0,1.0,3032.0
5302,reflexion_react,1.0,1.0,3150.0
3370,reflexion_react,1.0,1.0,3121.0
5092,reflexion_react,1.0,1.0,2036.0
8744,reflexion_react,1.0,1.0,1992.0
6798,reflexion_react,1.0,1.0,2040.0
609,reflexion_react,1.0,1.0,9217.0
8729,reflexion_react,1.0,1.0,4433.0
2990,reflexion_react,1.0,1.0,2062.0
1615,reflexion_react,1.0,1.0,1970.0
5378,reflexion_react,1.0,1.0,2137.0
4373,Trajectory-Conditioned Answer Revision (TCAR),0.0,0.0,4191.0
4411,Trajectory-Conditioned Answer Revision (TCAR),1.0,1.0,4916.0
7752,Trajectory-Conditioned Answer Revision (TCAR),1.0,1.0,13981.0
2078,Trajectory-Conditioned Answer Revision (TCAR),0.0,0.0,4714.0
7777,Trajectory-Conditioned Answer Revision (TCAR),1.0,1.0,4594.0
7398,Trajectory-Conditioned Answer Revision (TCAR),1.0,1.0,4380.0
2021,Trajectory-Conditioned Answer Revision (TCAR),1.0,1.0,5295.0
8755,Trajectory-Conditioned Answer Revision (TCAR),0.0,0.0,9050.0
4242,Trajectory-Conditioned Answer Revision (TCAR),1.0,1.0,5538.0
5880,Trajectory-Conditioned Answer Revision (TCAR),1.0,1.0,8910.0
4795,Trajectory-Conditioned Answer Revision (TCAR),1.0,1.0,4342.0
9500,Trajectory-Conditioned Answer Revision (TCAR),1.0,1.0,4193.0
344,Trajectory-Conditioned Answer Revision (TCAR),0.0,0.0,5295.0
2194,Trajectory-Conditioned Answer Revision (TCAR),0.0,0.0,12322.0
3125,Trajectory-Conditioned Answer Revision (TCAR),1.0,1.0,7284.0
7350,Trajectory-Conditioned Answer Revision (TCAR),0.0,0.0,4522.0
4187,Trajectory-Conditioned Answer Revision (TCAR),1.0,1.0,4501.0
1564,Trajectory-Conditioned Answer Revision (TCAR),1.0,1.0,5240.0
8501,Trajectory-Conditioned Answer Revision (TCAR),1.0,1.0,4256.0
7826,Trajectory-Conditioned Answer Revision (TCAR),1.0,1.0,5805.0
2634,Trajectory-Conditioned Answer Revision (TCAR),1.0,1.0,4366.0
6223,Trajectory-Conditioned Answer Revision (TCAR),1.0,1.0,4490.0
2939,Trajectory-Conditioned Answer Revision (TCAR),1.0,1.0,8501.0
7736,Trajectory-Conditioned Answer Revision (TCAR),0.0,0.0,9511.0
6431,Trajectory-Conditioned Answer Revision (TCAR),0.0,0.0,5437.0
8853,Trajectory-Conditioned Answer Revision (TCAR),1.0,1.0,5635.0
8292,Trajectory-Conditioned Answer Revision (TCAR),1.0,1.0,4295.0
4922,Trajectory-Conditioned Answer Revision (TCAR),1.0,1.0,5747.0
9578,Trajectory-Conditioned Answer Revision (TCAR),1.0,1.0,4386.0
6280,Trajectory-Conditioned Answer Revision (TCAR),1.0,1.0,8510.0
5545,Trajectory-Conditioned Answer Revision (TCAR),1.0,1.0,5728.0
8144,Trajectory-Conditioned Answer Revision (TCAR),0.0,0.0,4619.0
9250,Trajectory-Conditioned Answer Revision (TCAR),0.0,0.0,14832.0
2632,Trajectory-Conditioned Answer Revision (TCAR),1.0,1.0,4295.0
1652,Trajectory-Conditioned Answer Revision (TCAR),1.0,1.0,5636.0
234,Trajectory-Conditioned Answer Revision (TCAR),0.0,0.0,6739.0
5535,Trajectory-Conditioned Answer Revision (TCAR),1.0,1.0,4257.0
2432,Trajectory-Conditioned Answer Revision (TCAR),0.0,0.0,10290.0
3854,Trajectory-Conditioned Answer Revision (TCAR),1.0,1.0,4677.0
9696,Trajectory-Conditioned Answer Revision (TCAR),1.0,1.0,5635.0
1950,Trajectory-Conditioned Answer Revision (TCAR),1.0,1.0,4375.0
342,Trajectory-Conditioned Answer Revision (TCAR),1.0,1.0,5254.0
6116,Trajectory-Conditioned Answer Revision (TCAR),0.0,0.0,13472.0
6266,Trajectory-Conditioned Answer Revision (TCAR),1.0,1.0,5380.0
6686,Trajectory-Conditioned Answer Revision (TCAR),0.0,0.0,6517.0
4877,Trajectory-Conditioned Answer Revision (TCAR),1.0,1.0,13920.0
705,Trajectory-Conditioned Answer Revision (TCAR),1.0,1.0,4499.0
6245,Trajectory-Conditioned Answer Revision (TCAR),0.0,0.0,4353.0
2278,Trajectory-Conditioned Answer Revision (TCAR),1.0,1.0,13642.0
8642,Trajectory-Conditioned Answer Revision (TCAR),1.0,1.0,4079.0
644,Trajectory-Conditioned Answer Revision (TCAR),0.0,0.0,7002.0
2850,Trajectory-Conditioned Answer Revision (TCAR),1.0,1.0,4230.0
5903,Trajectory-Conditioned Answer Revision (TCAR),0.0,0.0,13179.0
150,Trajectory-Conditioned Answer Revision (TCAR),0.0,0.0,4295.0
7976,Trajectory-Conditioned Answer Revision (TCAR),0.0,0.0,10635.0
867,Trajectory-Conditioned Answer Revision (TCAR),1.0,1.0,6975.0
6248,Trajectory-Conditioned Answer Revision (TCAR),1.0,1.0,4321.0
8712,Trajectory-Conditioned Answer Revision (TCAR),1.0,1.0,4152.0
4260,Trajectory-Conditioned Answer Revision (TCAR),0.0,0.0,4310.0
4562,Trajectory-Conditioned Answer Revision (TCAR),1.0,1.0,4135.0
441,Trajectory-Conditioned Answer Revision (TCAR),1.0,1.0,5698.0
1019,Trajectory-Conditioned Answer Revision (TCAR),1.0,1.0,4641.0
4950,Trajectory-Conditioned Answer Revision (TCAR),1.0,1.0,4193.0
7521,Trajectory-Conditioned Answer Revision (TCAR),1.0,1.0,4686.0
4312,Trajectory-Conditioned Answer Revision (TCAR),1.0,1.0,4261.0
294,Trajectory-Conditioned Answer Revision (TCAR),1.0,1.0,4201.0
1613,Trajectory-Conditioned Answer Revision (TCAR),1.0,1.0,4291.0
5524,Trajectory-Conditioned Answer Revision (TCAR),0.0,0.0,4129.0
9836,Trajectory-Conditioned Answer Revision (TCAR),1.0,1.0,4201.0
7088,Trajectory-Conditioned Answer Revision (TCAR),1.0,1.0,4786.0
1413,Trajectory-Conditioned Answer Revision (TCAR),1.0,1.0,4312.0
6656,Trajectory-Conditioned Answer Revision (TCAR),1.0,1.0,4380.0
9954,Trajectory-Conditioned Answer Revision (TCAR),0.0,0.0,12550.0
9131,Trajectory-Conditioned Answer Revision (TCAR),0.0,0.0,5517.0
5917,Trajectory-Conditioned Answer Revision (TCAR),1.0,1.0,7200.0
6853,Trajectory-Conditioned Answer Revision (TCAR),0.0,0.0,11787.0
7884,Trajectory-Conditioned Answer Revision (TCAR),1.0,1.0,3969.0
1068,Trajectory-Conditioned Answer Revision (TCAR),0.0,0.0,4265.0
470,Trajectory-Conditioned Answer Revision (TCAR),0.0,0.0,5879.0
4007,Trajectory-Conditioned Answer Revision (TCAR),1.0,1.0,4232.0
9761,Trajectory-Conditioned Answer Revision (TCAR),1.0,1.0,4325.0
2114,Trajectory-Conditioned Answer Revision (TCAR),1.0,1.0,4173.0
8199,Trajectory-Conditioned Answer Revision (TCAR),1.0,1.0,4155.0
3905,Trajectory-Conditioned Answer Revision (TCAR),1.0,1.0,12261.0
4218,Trajectory-Conditioned Answer Revision (TCAR),0.0,0.0,4600.0
2019,Trajectory-Conditioned Answer Revision (TCAR),1.0,1.0,4401.0
7525,Trajectory-Conditioned Answer Revision (TCAR),1.0,1.0,7430.0
3148,Trajectory-Conditioned Answer Revision (TCAR),0.0,0.0,12514.0
1924,Trajectory-Conditioned Answer Revision (TCAR),1.0,1.0,4454.0
4921,Trajectory-Conditioned Answer Revision (TCAR),1.0,1.0,4217.0
4410,Trajectory-Conditioned Answer Revision (TCAR),1.0,1.0,5502.0
2778,Trajectory-Conditioned Answer Revision (TCAR),1.0,1.0,4505.0
7732,Trajectory-Conditioned Answer Revision (TCAR),1.0,1.0,4259.0
3121,Trajectory-Conditioned Answer Revision (TCAR),1.0,1.0,4184.0
8565,Trajectory-Conditioned Answer Revision (TCAR),0.0,0.0,4196.0
5516,Trajectory-Conditioned Answer Revision (TCAR),0.0,0.0,4316.0
6857,Trajectory-Conditioned Answer Revision (TCAR),0.0,0.0,4640.0
4508,Trajectory-Conditioned Answer Revision (TCAR),1.0,1.0,4051.0
4025,Trajectory-Conditioned Answer Revision (TCAR),1.0,1.0,4022.0
6521,Trajectory-Conditioned Answer Revision (TCAR),0.0,0.0,4256.0
9396,Trajectory-Conditioned Answer Revision (TCAR),1.0,1.0,4607.0
7968,Trajectory-Conditioned Answer Revision (TCAR),0.0,0.0,9344.0
3,Trajectory-Conditioned Answer Revision (TCAR),0.0,0.0,4145.0
1495,Trajectory-Conditioned Answer Revision (TCAR),1.0,1.0,9015.0
7554,Trajectory-Conditioned Answer Revision (TCAR),1.0,1.0,4271.0
8074,Trajectory-Conditioned Answer Revision (TCAR),0.0,0.0,14099.0
2324,Trajectory-Conditioned Answer Revision (TCAR),1.0,1.0,4179.0
2406,Trajectory-Conditioned Answer Revision (TCAR),1.0,1.0,4107.0
699,Trajectory-Conditioned Answer Revision (TCAR),0.0,0.0,5314.0
5805,Trajectory-Conditioned Answer Revision (TCAR),1.0,1.0,12257.0
9070,Trajectory-Conditioned Answer Revision (TCAR),1.0,1.0,4210.0
2168,Trajectory-Conditioned Answer Revision (TCAR),1.0,1.0,12992.0
4086,Trajectory-Conditioned Answer Revision (TCAR),1.0,1.0,4383.0
8586,Trajectory-Conditioned Answer Revision (TCAR),0.0,0.0,8761.0
3675,Trajectory-Conditioned Answer Revision (TCAR),1.0,1.0,5365.0
7916,Trajectory-Conditioned Answer Revision (TCAR),1.0,1.0,4377.0
7103,Trajectory-Conditioned Answer Revision (TCAR),1.0,1.0,4264.0
4079,Trajectory-Conditioned Answer Revision (TCAR),0.0,0.0,4618.0
1857,Trajectory-Conditioned Answer Revision (TCAR),1.0,1.0,4198.0
3351,Trajectory-Conditioned Answer Revision (TCAR),0.0,0.0,5409.0
9800,Trajectory-Conditioned Answer Revision (TCAR),0.0,0.0,12561.0
2693,Trajectory-Conditioned Answer Revision (TCAR),1.0,1.0,5538.0
2119,Trajectory-Conditioned Answer Revision (TCAR),0.0,0.0,4770.0
44,Trajectory-Conditioned Answer Revision (TCAR),1.0,1.0,9297.0
4452,Trajectory-Conditioned Answer Revision (TCAR),1.0,1.0,4250.0
9903,Trajectory-Conditioned Answer Revision (TCAR),0.0,0.0,4210.0
2548,Trajectory-Conditioned Answer Revision (TCAR),0.0,0.0,4585.0
8675,Trajectory-Conditioned Answer Revision (TCAR),0.0,0.0,4266.0
7355,Trajectory-Conditioned Answer Revision (TCAR),1.0,1.0,4365.0
4326,Trajectory-Conditioned Answer Revision (TCAR),1.0,1.0,5253.0
3691,Trajectory-Conditioned Answer Revision (TCAR),1.0,1.0,4600.0
3568,Trajectory-Conditioned Answer Revision (TCAR),1.0,1.0,4302.0
762,Trajectory-Conditioned Answer Revision (TCAR),1.0,1.0,4233.0
2492,Trajectory-Conditioned Answer Revision (TCAR),0.0,0.0,5987.0
9445,Trajectory-Conditioned Answer Revision (TCAR),1.0,1.0,5385.0
7187,Trajectory-Conditioned Answer Revision (TCAR),0.0,0.0,9000.0
8129,Trajectory-Conditioned Answer Revision (TCAR),1.0,1.0,4361.0
6454,Trajectory-Conditioned Answer Revision (TCAR),1.0,1.0,4203.0
6886,Trajectory-Conditioned Answer Revision (TCAR),1.0,1.0,4268.0
1023,Trajectory-Conditioned Answer Revision (TCAR),0.0,0.0,7650.0
9981,Trajectory-Conditioned Answer Revision (TCAR),1.0,1.0,4276.0
8921,Trajectory-Conditioned Answer Revision (TCAR),1.0,1.0,4702.0
7674,Trajectory-Conditioned Answer Revision (TCAR),1.0,1.0,5498.0
2073,Trajectory-Conditioned Answer Revision (TCAR),0.0,0.0,12266.0
6466,Trajectory-Conditioned Answer Revision (TCAR),0.0,0.0,4589.0
6455,Trajectory-Conditioned Answer Revision (TCAR),1.0,1.0,8928.0
8956,Trajectory-Conditioned Answer Revision (TCAR),0.0,0.0,4661.0
3445,Trajectory-Conditioned Answer Revision (TCAR),1.0,1.0,4713.0
380,Trajectory-Conditioned Answer Revision (TCAR),0.0,0.0,4413.0
3018,Trajectory-Conditioned Answer Revision (TCAR),1.0,1.0,4369.0
5620,Trajectory-Conditioned Answer Revision (TCAR),0.0,0.0,5987.0
9889,Trajectory-Conditioned Answer Revision (TCAR),0.0,0.0,4189.0
5798,Trajectory-Conditioned Answer Revision (TCAR),1.0,1.0,4401.0
6458,Trajectory-Conditioned Answer Revision (TCAR),1.0,1.0,4140.0
9581,Trajectory-Conditioned Answer Revision (TCAR),0.0,0.0,13408.0
4608,Trajectory-Conditioned Answer Revision (TCAR),1.0,1.0,5522.0
225,Trajectory-Conditioned Answer Revision (TCAR),1.0,1.0,4140.0
3655,Trajectory-Conditioned Answer Revision (TCAR),1.0,1.0,12489.0
3831,Trajectory-Conditioned Answer Revision (TCAR),1.0,1.0,4572.0
1205,Trajectory-Conditioned Answer Revision (TCAR),1.0,1.0,4247.0
5373,Trajectory-Conditioned Answer Revision (TCAR),0.0,0.0,10007.0
2350,Trajectory-Conditioned Answer Revision (TCAR),1.0,1.0,5288.0
5728,Trajectory-Conditioned Answer Revision (TCAR),1.0,1.0,4234.0
1994,Trajectory-Conditioned Answer Revision (TCAR),0.0,0.0,4217.0
7409,Trajectory-Conditioned Answer Revision (TCAR),0.0,0.0,4113.0
2657,Trajectory-Conditioned Answer Revision (TCAR),1.0,1.0,4133.0
8960,Trajectory-Conditioned Answer Revision (TCAR),1.0,1.0,5372.0
8632,Trajectory-Conditioned Answer Revision (TCAR),1.0,1.0,4358.0
1789,Trajectory-Conditioned Answer Revision (TCAR),1.0,1.0,5313.0
8370,Trajectory-Conditioned Answer Revision (TCAR),1.0,1.0,4640.0
9965,Trajectory-Conditioned Answer Revision (TCAR),0.0,0.0,8206.0
1065,Trajectory-Conditioned Answer Revision (TCAR),1.0,1.0,14388.0
81,Trajectory-Conditioned Answer Revision (TCAR),0.0,0.0,4190.0
3581,Trajectory-Conditioned Answer Revision (TCAR),1.0,1.0,4255.0
4226,Trajectory-Conditioned Answer Revision (TCAR),0.0,0.0,13355.0
9322,Trajectory-Conditioned Answer Revision (TCAR),1.0,1.0,4339.0
8303,Trajectory-Conditioned Answer Revision (TCAR),1.0,1.0,5589.0
6932,Trajectory-Conditioned Answer Revision (TCAR),0.0,0.0,4747.0
9498,Trajectory-Conditioned Answer Revision (TCAR),1.0,1.0,5067.0
5381,Trajectory-Conditioned Answer Revision (TCAR),1.0,1.0,4199.0
4080,Trajectory-Conditioned Answer Revision (TCAR),1.0,1.0,5304.0
9871,Trajectory-Conditioned Answer Revision (TCAR),1.0,1.0,11784.0
2985,Trajectory-Conditioned Answer Revision (TCAR),1.0,1.0,4482.0
5364,Trajectory-Conditioned Answer Revision (TCAR),1.0,1.0,4375.0
120,Trajectory-Conditioned Answer Revision (TCAR),1.0,1.0,4412.0
9141,Trajectory-Conditioned Answer Revision (TCAR),1.0,1.0,5547.0
4324,Trajectory-Conditioned Answer Revision (TCAR),0.0,0.0,5688.0
7309,Trajectory-Conditioned Answer Revision (TCAR),1.0,1.0,4228.0
1527,Trajectory-Conditioned Answer Revision (TCAR),1.0,1.0,5506.0
7706,Trajectory-Conditioned Answer Revision (TCAR),1.0,1.0,4841.0
7453,Trajectory-Conditioned Answer Revision (TCAR),1.0,1.0,5781.0
6544,Trajectory-Conditioned Answer Revision (TCAR),1.0,1.0,4321.0
3255,Trajectory-Conditioned Answer Revision (TCAR),0.0,0.0,10629.0
6047,Trajectory-Conditioned Answer Revision (TCAR),1.0,1.0,9351.0
8422,Trajectory-Conditioned Answer Revision (TCAR),1.0,1.0,4407.0
7587,Trajectory-Conditioned Answer Revision (TCAR),1.0,1.0,5400.0
8275,Trajectory-Conditioned Answer Revision (TCAR),0.0,0.0,3955.0
9923,Trajectory-Conditioned Answer Revision (TCAR),1.0,1.0,4458.0
1419,Trajectory-Conditioned Answer Revision (TCAR),1.0,1.0,4165.0
6066,Trajectory-Conditioned Answer Revision (TCAR),1.0,1.0,4214.0
9359,Trajectory-Conditioned Answer Revision (TCAR),0.0,0.0,4257.0
7169,Trajectory-Conditioned Answer Revision (TCAR),1.0,1.0,5443.0
9109,Trajectory-Conditioned Answer Revision (TCAR),1.0,1.0,5505.0
905,Trajectory-Conditioned Answer Revision (TCAR),1.0,1.0,8282.0
4645,Trajectory-Conditioned Answer Revision (TCAR),1.0,1.0,12164.0
430,Trajectory-Conditioned Answer Revision (TCAR),1.0,1.0,4159.0
619,Trajectory-Conditioned Answer Revision (TCAR),0.0,0.0,5561.0
285,Trajectory-Conditioned Answer Revision (TCAR),1.0,1.0,4205.0
6739,Trajectory-Conditioned Answer Revision (TCAR),0.0,0.0,4192.0
5493,Trajectory-Conditioned Answer Revision (TCAR),1.0,1.0,4191.0
8766,Trajectory-Conditioned Answer Revision (TCAR),1.0,1.0,5160.0
2667,Trajectory-Conditioned Answer Revision (TCAR),0.0,0.0,4410.0
3750,Trajectory-Conditioned Answer Revision (TCAR),1.0,1.0,4357.0
5960,Trajectory-Conditioned Answer Revision (TCAR),1.0,1.0,4297.0
9634,Trajectory-Conditioned Answer Revision (TCAR),0.0,0.0,10463.0
3667,Trajectory-Conditioned Answer Revision (TCAR),1.0,1.0,4196.0
8684,Trajectory-Conditioned Answer Revision (TCAR),0.0,0.0,12944.0
9428,Trajectory-Conditioned Answer Revision (TCAR),0.0,0.0,4075.0
4805,Trajectory-Conditioned Answer Revision (TCAR),0.0,0.0,4544.0
7858,Trajectory-Conditioned Answer Revision (TCAR),1.0,1.0,5338.0
2745,Trajectory-Conditioned Answer Revision (TCAR),0.0,0.0,4178.0
7236,Trajectory-Conditioned Answer Revision (TCAR),0.0,0.0,13987.0
5536,Trajectory-Conditioned Answer Revision (TCAR),0.0,0.0,6275.0
3546,Trajectory-Conditioned Answer Revision (TCAR),1.0,1.0,4402.0
9454,Trajectory-Conditioned Answer Revision (TCAR),0.0,0.0,4259.0
193,Trajectory-Conditioned Answer Revision (TCAR),1.0,1.0,6639.0
4,Trajectory-Conditioned Answer Revision (TCAR),1.0,1.0,4144.0
6617,Trajectory-Conditioned Answer Revision (TCAR),0.0,0.0,13498.0
6348,Trajectory-Conditioned Answer Revision (TCAR),1.0,1.0,4658.0
1399,Trajectory-Conditioned Answer Revision (TCAR),1.0,1.0,5420.0
527,Trajectory-Conditioned Answer Revision (TCAR),1.0,1.0,4251.0
5217,Trajectory-Conditioned Answer Revision (TCAR),0.0,0.0,4539.0
8256,Trajectory-Conditioned Answer Revision (TCAR),0.0,0.0,4299.0
8100,Trajectory-Conditioned Answer Revision (TCAR),1.0,1.0,5725.0
8566,Trajectory-Conditioned Answer Revision (TCAR),1.0,1.0,11922.0
7795,Trajectory-Conditioned Answer Revision (TCAR),1.0,1.0,4681.0
2594,Trajectory-Conditioned Answer Revision (TCAR),1.0,1.0,5505.0
9341,Trajectory-Conditioned Answer Revision (TCAR),0.0,0.0,4635.0
5031,Trajectory-Conditioned Answer Revision (TCAR),0.0,0.0,5671.0
2692,Trajectory-Conditioned Answer Revision (TCAR),0.0,0.0,5512.0
9136,Trajectory-Conditioned Answer Revision (TCAR),1.0,1.0,4189.0
1952,Trajectory-Conditioned Answer Revision (TCAR),1.0,1.0,4146.0
9769,Trajectory-Conditioned Answer Revision (TCAR),0.0,0.0,5593.0
4159,Trajectory-Conditioned Answer Revision (TCAR),1.0,1.0,4199.0
7978,Trajectory-Conditioned Answer Revision (TCAR),1.0,1.0,4183.0
7365,Trajectory-Conditioned Answer Revision (TCAR),0.0,0.0,4145.0
6837,Trajectory-Conditioned Answer Revision (TCAR),0.0,0.0,13820.0
693,Trajectory-Conditioned Answer Revision (TCAR),0.0,0.0,7390.0
1412,Trajectory-Conditioned Answer Revision (TCAR),1.0,1.0,4343.0
9337,Trajectory-Conditioned Answer Revision (TCAR),1.0,1.0,5862.0
558,Trajectory-Conditioned Answer Revision (TCAR),0.0,0.0,4186.0
5629,Trajectory-Conditioned Answer Revision (TCAR),0.0,0.0,6746.0
1178,Trajectory-Conditioned Answer Revision (TCAR),0.0,0.0,5152.0
3026,Trajectory-Conditioned Answer Revision (TCAR),0.0,0.0,11601.0
5518,Trajectory-Conditioned Answer Revision (TCAR),0.0,0.0,4882.0
1122,Trajectory-Conditioned Answer Revision (TCAR),1.0,1.0,4244.0
1347,Trajectory-Conditioned Answer Revision (TCAR),1.0,1.0,4140.0
8720,Trajectory-Conditioned Answer Revision (TCAR),1.0,1.0,2907.0
3017,Trajectory-Conditioned Answer Revision (TCAR),1.0,1.0,4260.0
913,Trajectory-Conditioned Answer Revision (TCAR),0.0,0.0,6927.0
4832,Trajectory-Conditioned Answer Revision (TCAR),1.0,1.0,5688.0
2570,Trajectory-Conditioned Answer Revision (TCAR),1.0,1.0,4133.0
1680,Trajectory-Conditioned Answer Revision (TCAR),1.0,1.0,7245.0
7539,Trajectory-Conditioned Answer Revision (TCAR),1.0,1.0,4228.0
4328,Trajectory-Conditioned Answer Revision (TCAR),0.0,0.0,4108.0
7847,Trajectory-Conditioned Answer Revision (TCAR),0.0,0.0,4110.0
6579,Trajectory-Conditioned Answer Revision (TCAR),1.0,1.0,5352.0
6331,Trajectory-Conditioned Answer Revision (TCAR),1.0,1.0,4080.0
5922,Trajectory-Conditioned Answer Revision (TCAR),0.0,0.0,13005.0
5352,Trajectory-Conditioned Answer Revision (TCAR),0.0,0.0,4245.0
6447,Trajectory-Conditioned Answer Revision (TCAR),1.0,1.0,5275.0
9767,Trajectory-Conditioned Answer Revision (TCAR),1.0,1.0,13473.0
8806,Trajectory-Conditioned Answer Revision (TCAR),1.0,1.0,5719.0
4027,Trajectory-Conditioned Answer Revision (TCAR),1.0,1.0,4120.0
1720,Trajectory-Conditioned Answer Revision (TCAR),1.0,1.0,7630.0
5025,Trajectory-Conditioned Answer Revision (TCAR),1.0,1.0,5398.0
4062,Trajectory-Conditioned Answer Revision (TCAR),1.0,1.0,4360.0
3764,Trajectory-Conditioned Answer Revision (TCAR),0.0,0.0,12404.0
2729,Trajectory-Conditioned Answer Revision (TCAR),1.0,1.0,4381.0
6165,Trajectory-Conditioned Answer Revision (TCAR),1.0,1.0,4152.0
1404,Trajectory-Conditioned Answer Revision (TCAR),1.0,1.0,5462.0
2623,Trajectory-Conditioned Answer Revision (TCAR),0.0,0.0,4730.0
4099,Trajectory-Conditioned Answer Revision (TCAR),1.0,1.0,13710.0
754,Trajectory-Conditioned Answer Revision (TCAR),0.0,0.0,14069.0
825,Trajectory-Conditioned Answer Revision (TCAR),0.0,0.0,8419.0
1738,Trajectory-Conditioned Answer Revision (TCAR),1.0,1.0,4168.0
6224,Trajectory-Conditioned Answer Revision (TCAR),1.0,1.0,6006.0
6535,Trajectory-Conditioned Answer Revision (TCAR),1.0,1.0,7189.0
7832,Trajectory-Conditioned Answer Revision (TCAR),1.0,1.0,4258.0
4754,Trajectory-Conditioned Answer Revision (TCAR),1.0,1.0,4203.0
633,Trajectory-Conditioned Answer Revision (TCAR),0.0,0.0,5908.0
3823,Trajectory-Conditioned Answer Revision (TCAR),1.0,1.0,12708.0
6087,Trajectory-Conditioned Answer Revision (TCAR),1.0,1.0,4282.0
4992,Trajectory-Conditioned Answer Revision (TCAR),0.0,0.0,10380.0
8661,Trajectory-Conditioned Answer Revision (TCAR),0.0,0.0,4248.0
5954,Trajectory-Conditioned Answer Revision (TCAR),1.0,1.0,4395.0
927,Trajectory-Conditioned Answer Revision (TCAR),1.0,1.0,5430.0
7288,Trajectory-Conditioned Answer Revision (TCAR),0.0,0.0,4766.0
5166,Trajectory-Conditioned Answer Revision (TCAR),0.0,0.0,10570.0
818,Trajectory-Conditioned Answer Revision (TCAR),1.0,1.0,5279.0
9794,Trajectory-Conditioned Answer Revision (TCAR),1.0,1.0,4116.0
8747,Trajectory-Conditioned Answer Revision (TCAR),1.0,1.0,7371.0
7196,Trajectory-Conditioned Answer Revision (TCAR),0.0,0.0,4167.0
9356,Trajectory-Conditioned Answer Revision (TCAR),0.0,0.0,4859.0
546,Trajectory-Conditioned Answer Revision (TCAR),1.0,1.0,12275.0
4091,Trajectory-Conditioned Answer Revision (TCAR),1.0,1.0,4292.0
4384,Trajectory-Conditioned Answer Revision (TCAR),1.0,1.0,4154.0
3254,Trajectory-Conditioned Answer Revision (TCAR),1.0,1.0,4459.0
3053,Trajectory-Conditioned Answer Revision (TCAR),1.0,1.0,12872.0
404,Trajectory-Conditioned Answer Revision (TCAR),1.0,1.0,3952.0
6611,Trajectory-Conditioned Answer Revision (TCAR),1.0,1.0,4193.0
8847,Trajectory-Conditioned Answer Revision (TCAR),1.0,1.0,4339.0
2919,Trajectory-Conditioned Answer Revision (TCAR),0.0,0.0,4539.0
1167,Trajectory-Conditioned Answer Revision (TCAR),1.0,1.0,5767.0
8408,Trajectory-Conditioned Answer Revision (TCAR),1.0,1.0,10974.0
5972,Trajectory-Conditioned Answer Revision (TCAR),0.0,0.0,12908.0
6036,Trajectory-Conditioned Answer Revision (TCAR),0.0,0.0,4197.0
5168,Trajectory-Conditioned Answer Revision (TCAR),1.0,1.0,4440.0
9670,Trajectory-Conditioned Answer Revision (TCAR),1.0,1.0,4491.0
5006,Trajectory-Conditioned Answer Revision (TCAR),1.0,1.0,11766.0
4425,Trajectory-Conditioned Answer Revision (TCAR),1.0,1.0,8301.0
2294,Trajectory-Conditioned Answer Revision (TCAR),0.0,0.0,4420.0
6464,Trajectory-Conditioned Answer Revision (TCAR),0.0,0.0,11885.0
8477,Trajectory-Conditioned Answer Revision (TCAR),1.0,1.0,4165.0
5871,Trajectory-Conditioned Answer Revision (TCAR),1.0,1.0,4157.0
232,Trajectory-Conditioned Answer Revision (TCAR),1.0,1.0,7423.0
880,Trajectory-Conditioned Answer Revision (TCAR),1.0,1.0,4444.0
9476,Trajectory-Conditioned Answer Revision (TCAR),1.0,1.0,4353.0
7051,Trajectory-Conditioned Answer Revision (TCAR),0.0,0.0,11761.0
5733,Trajectory-Conditioned Answer Revision (TCAR),1.0,1.0,6062.0
9370,Trajectory-Conditioned Answer Revision (TCAR),0.0,0.0,5659.0
8379,Trajectory-Conditioned Answer Revision (TCAR),1.0,1.0,4614.0
9395,Trajectory-Conditioned Answer Revision (TCAR),1.0,1.0,4378.0
2576,Trajectory-Conditioned Answer Revision (TCAR),1.0,1.0,4247.0
3095,Trajectory-Conditioned Answer Revision (TCAR),1.0,1.0,6104.0
3389,Trajectory-Conditioned Answer Revision (TCAR),1.0,1.0,4122.0
5501,Trajectory-Conditioned Answer Revision (TCAR),1.0,1.0,4393.0
7320,Trajectory-Conditioned Answer Revision (TCAR),1.0,1.0,4374.0
9459,Trajectory-Conditioned Answer Revision (TCAR),1.0,1.0,4161.0
9174,Trajectory-Conditioned Answer Revision (TCAR),0.0,0.0,5671.0
6696,Trajectory-Conditioned Answer Revision (TCAR),1.0,1.0,4570.0
273,Trajectory-Conditioned Answer Revision (TCAR),0.0,0.0,4397.0
9536,Trajectory-Conditioned Answer Revision (TCAR),1.0,1.0,12475.0
3550,Trajectory-Conditioned Answer Revision (TCAR),1.0,1.0,4182.0
2161,Trajectory-Conditioned Answer Revision (TCAR),1.0,1.0,4371.0
9989,Trajectory-Conditioned Answer Revision (TCAR),1.0,1.0,4225.0
5555,Trajectory-Conditioned Answer Revision (TCAR),0.0,0.0,4378.0
6747,Trajectory-Conditioned Answer Revision (TCAR),1.0,1.0,4292.0
244,Trajectory-Conditioned Answer Revision (TCAR),1.0,1.0,4001.0
9666,Trajectory-Conditioned Answer Revision (TCAR),1.0,1.0,4354.0
6849,Trajectory-Conditioned Answer Revision (TCAR),1.0,1.0,5320.0
5891,Trajectory-Conditioned Answer Revision (TCAR),0.0,0.0,7178.0
4320,Trajectory-Conditioned Answer Revision (TCAR),1.0,1.0,4098.0
3804,Trajectory-Conditioned Answer Revision (TCAR),1.0,1.0,7555.0
5440,Trajectory-Conditioned Answer Revision (TCAR),1.0,1.0,4121.0
6349,Trajectory-Conditioned Answer Revision (TCAR),1.0,1.0,4102.0
3015,Trajectory-Conditioned Answer Revision (TCAR),1.0,1.0,4224.0
6991,Trajectory-Conditioned Answer Revision (TCAR),0.0,0.0,4152.0
6526,Trajectory-Conditioned Answer Revision (TCAR),1.0,1.0,4119.0
16,Trajectory-Conditioned Answer Revision (TCAR),0.0,0.0,4491.0
3306,Trajectory-Conditioned Answer Revision (TCAR),1.0,1.0,5374.0
4885,Trajectory-Conditioned Answer Revision (TCAR),1.0,1.0,4196.0
7083,Trajectory-Conditioned Answer Revision (TCAR),1.0,1.0,7341.0
6971,Trajectory-Conditioned Answer Revision (TCAR),0.0,0.0,4238.0
4923,Trajectory-Conditioned Answer Revision (TCAR),1.0,1.0,4035.0
6829,Trajectory-Conditioned Answer Revision (TCAR),1.0,1.0,4191.0
2186,Trajectory-Conditioned Answer Revision (TCAR),1.0,1.0,4356.0
2107,Trajectory-Conditioned Answer Revision (TCAR),1.0,1.0,10270.0
3266,Trajectory-Conditioned Answer Revision (TCAR),1.0,1.0,5259.0
8571,Trajectory-Conditioned Answer Revision (TCAR),1.0,1.0,4162.0
846,Trajectory-Conditioned Answer Revision (TCAR),0.0,0.0,13181.0
7445,Trajectory-Conditioned Answer Revision (TCAR),0.0,0.0,5960.0
7831,Trajectory-Conditioned Answer Revision (TCAR),0.0,0.0,7522.0
8350,Trajectory-Conditioned Answer Revision (TCAR),0.0,0.0,4400.0
5855,Trajectory-Conditioned Answer Revision (TCAR),1.0,1.0,5511.0
8808,Trajectory-Conditioned Answer Revision (TCAR),1.0,1.0,5301.0
7423,Trajectory-Conditioned Answer Revision (TCAR),0.0,0.0,14140.0
9055,Trajectory-Conditioned Answer Revision (TCAR),0.0,0.0,5360.0
3547,Trajectory-Conditioned Answer Revision (TCAR),1.0,1.0,4527.0
9409,Trajectory-Conditioned Answer Revision (TCAR),1.0,1.0,4290.0
7989,Trajectory-Conditioned Answer Revision (TCAR),1.0,1.0,5568.0
41,Trajectory-Conditioned Answer Revision (TCAR),0.0,0.0,4561.0
4728,Trajectory-Conditioned Answer Revision (TCAR),,,
1594,Trajectory-Conditioned Answer Revision (TCAR),1.0,1.0,4233.0
669,Trajectory-Conditioned Answer Revision (TCAR),0.0,0.0,4272.0
3747,Trajectory-Conditioned Answer Revision (TCAR),1.0,1.0,4350.0
446,Trajectory-Conditioned Answer Revision (TCAR),0.0,0.0,5931.0
5030,Trajectory-Conditioned Answer Revision (TCAR),1.0,1.0,4177.0
5161,Trajectory-Conditioned Answer Revision (TCAR),0.0,0.0,4368.0
259,Trajectory-Conditioned Answer Revision (TCAR),1.0,1.0,5452.0
2703,Trajectory-Conditioned Answer Revision (TCAR),0.0,0.0,4163.0
8028,Trajectory-Conditioned Answer Revision (TCAR),0.0,0.0,12743.0
857,Trajectory-Conditioned Answer Revision (TCAR),1.0,1.0,4087.0
3604,Trajectory-Conditioned Answer Revision (TCAR),1.0,1.0,5512.0
3968,Trajectory-Conditioned Answer Revision (TCAR),1.0,1.0,4350.0
3069,Trajectory-Conditioned Answer Revision (TCAR),0.0,0.0,13152.0
9503,Trajectory-Conditioned Answer Revision (TCAR),0.0,0.0,4076.0
1208,Trajectory-Conditioned Answer Revision (TCAR),0.0,0.0,4419.0
7091,Trajectory-Conditioned Answer Revision (TCAR),1.0,1.0,5767.0
5552,Trajectory-Conditioned Answer Revision (TCAR),0.0,0.0,5644.0
9120,Trajectory-Conditioned Answer Revision (TCAR),1.0,1.0,5637.0
1746,Trajectory-Conditioned Answer Revision (TCAR),1.0,1.0,10816.0
806,Trajectory-Conditioned Answer Revision (TCAR),1.0,1.0,4487.0
226,Trajectory-Conditioned Answer Revision (TCAR),0.0,0.0,4189.0
1552,Trajectory-Conditioned Answer Revision (TCAR),1.0,1.0,4544.0
6753,Trajectory-Conditioned Answer Revision (TCAR),0.0,0.0,4249.0
9529,Trajectory-Conditioned Answer Revision (TCAR),0.0,0.0,11803.0
9202,Trajectory-Conditioned Answer Revision (TCAR),0.0,0.0,13207.0
7840,Trajectory-Conditioned Answer Revision (TCAR),1.0,1.0,4149.0
3284,Trajectory-Conditioned Answer Revision (TCAR),0.0,0.0,4233.0
5579,Trajectory-Conditioned Answer Revision (TCAR),1.0,1.0,6015.0
5971,Trajectory-Conditioned Answer Revision (TCAR),1.0,1.0,5531.0
1354,Trajectory-Conditioned Answer Revision (TCAR),1.0,1.0,4268.0
5816,Trajectory-Conditioned Answer Revision (TCAR),1.0,1.0,13081.0
7649,Trajectory-Conditioned Answer Revision (TCAR),0.0,0.0,4296.0
2146,Trajectory-Conditioned Answer Revision (TCAR),1.0,1.0,4246.0
7842,Trajectory-Conditioned Answer Revision (TCAR),1.0,1.0,5259.0
906,Trajectory-Conditioned Answer Revision (TCAR),1.0,1.0,5526.0
4974,Trajectory-Conditioned Answer Revision (TCAR),1.0,1.0,4581.0
394,Trajectory-Conditioned Answer Revision (TCAR),0.0,0.0,4548.0
1092,Trajectory-Conditioned Answer Revision (TCAR),0.0,0.0,5432.0
3169,Trajectory-Conditioned Answer Revision (TCAR),1.0,1.0,4851.0
1589,Trajectory-Conditioned Answer Revision (TCAR),0.0,0.0,4532.0
7899,Trajectory-Conditioned Answer Revision (TCAR),0.0,0.0,4145.0
3603,Trajectory-Conditioned Answer Revision (TCAR),1.0,1.0,4792.0
6996,Trajectory-Conditioned Answer Revision (TCAR),1.0,1.0,4140.0
8123,Trajectory-Conditioned Answer Revision (TCAR),1.0,1.0,4096.0
3817,Trajectory-Conditioned Answer Revision (TCAR),1.0,1.0,4061.0
5277,Trajectory-Conditioned Answer Revision (TCAR),1.0,1.0,4913.0
1098,Trajectory-Conditioned Answer Revision (TCAR),1.0,1.0,4171.0
4369,Trajectory-Conditioned Answer Revision (TCAR),0.0,0.0,11351.0
1402,Trajectory-Conditioned Answer Revision (TCAR),1.0,1.0,5656.0
2464,Trajectory-Conditioned Answer Revision (TCAR),0.0,0.0,5886.0
5090,Trajectory-Conditioned Answer Revision (TCAR),1.0,1.0,4255.0
8952,Trajectory-Conditioned Answer Revision (TCAR),1.0,1.0,5425.0
6031,Trajectory-Conditioned Answer Revision (TCAR),1.0,1.0,4181.0
7440,Trajectory-Conditioned Answer Revision (TCAR),0.0,0.0,4087.0
7717,Trajectory-Conditioned Answer Revision (TCAR),1.0,1.0,4603.0
5042,Trajectory-Conditioned Answer Revision (TCAR),0.0,0.0,4216.0
8075,Trajectory-Conditioned Answer Revision (TCAR),1.0,1.0,5421.0
1330,Trajectory-Conditioned Answer Revision (TCAR),1.0,1.0,4270.0
5762,Trajectory-Conditioned Answer Revision (TCAR),1.0,1.0,5334.0
7069,Trajectory-Conditioned Answer Revision (TCAR),1.0,1.0,5435.0
2577,Trajectory-Conditioned Answer Revision (TCAR),1.0,1.0,4358.0
7030,Trajectory-Conditioned Answer Revision (TCAR),1.0,1.0,4132.0
5163,Trajectory-Conditioned Answer Revision (TCAR),0.0,0.0,7383.0
4144,Trajectory-Conditioned Answer Revision (TCAR),1.0,1.0,5424.0
9172,Trajectory-Conditioned Answer Revision (TCAR),1.0,1.0,5600.0
3641,Trajectory-Conditioned Answer Revision (TCAR),0.0,0.0,12108.0
292,Trajectory-Conditioned Answer Revision (TCAR),1.0,1.0,4209.0
9768,Trajectory-Conditioned Answer Revision (TCAR),0.0,0.0,4300.0
1765,Trajectory-Conditioned Answer Revision (TCAR),0.0,0.0,4552.0
1726,Trajectory-Conditioned Answer Revision (TCAR),0.0,0.0,12254.0
7382,Trajectory-Conditioned Answer Revision (TCAR),1.0,1.0,7419.0
1887,Trajectory-Conditioned Answer Revision (TCAR),1.0,1.0,4310.0
3047,Trajectory-Conditioned Answer Revision (TCAR),1.0,1.0,4496.0
1936,Trajectory-Conditioned Answer Revision (TCAR),0.0,0.0,4427.0
3898,Trajectory-Conditioned Answer Revision (TCAR),1.0,1.0,5527.0
4221,Trajectory-Conditioned Answer Revision (TCAR),1.0,1.0,4297.0
7822,Trajectory-Conditioned Answer Revision (TCAR),1.0,1.0,7155.0
5229,Trajectory-Conditioned Answer Revision (TCAR),1.0,1.0,4476.0
7564,Trajectory-Conditioned Answer Revision (TCAR),0.0,0.0,11348.0
4993,Trajectory-Conditioned Answer Revision (TCAR),0.0,0.0,5537.0
1783,Trajectory-Conditioned Answer Revision (TCAR),1.0,1.0,4314.0
9724,Trajectory-Conditioned Answer Revision (TCAR),0.0,0.0,4230.0
8772,Trajectory-Conditioned Answer Revision (TCAR),1.0,1.0,4725.0
3020,Trajectory-Conditioned Answer Revision (TCAR),0.0,0.0,5546.0
2925,Trajectory-Conditioned Answer Revision (TCAR),0.0,0.0,4313.0
4125,Trajectory-Conditioned Answer Revision (TCAR),1.0,1.0,4278.0
8289,Trajectory-Conditioned Answer Revision (TCAR),0.0,0.0,10005.0
6406,Trajectory-Conditioned Answer Revision (TCAR),1.0,1.0,4310.0
1139,Trajectory-Conditioned Answer Revision (TCAR),1.0,1.0,4391.0
4210,Trajectory-Conditioned Answer Revision (TCAR),1.0,1.0,4342.0
227,Trajectory-Conditioned Answer Revision (TCAR),0.0,0.0,4427.0
1012,Trajectory-Conditioned Answer Revision (TCAR),1.0,1.0,4225.0
2639,Trajectory-Conditioned Answer Revision (TCAR),1.0,1.0,5014.0
8930,Trajectory-Conditioned Answer Revision (TCAR),1.0,1.0,5624.0
7336,Trajectory-Conditioned Answer Revision (TCAR),0.0,0.0,4118.0
4790,Trajectory-Conditioned Answer Revision (TCAR),0.0,0.0,12371.0
6638,Trajectory-Conditioned Answer Revision (TCAR),1.0,1.0,4217.0
1575,Trajectory-Conditioned Answer Revision (TCAR),0.0,0.0,4281.0
5343,Trajectory-Conditioned Answer Revision (TCAR),1.0,1.0,5349.0
2690,Trajectory-Conditioned Answer Revision (TCAR),0.0,0.0,7499.0
7428,Trajectory-Conditioned Answer Revision (TCAR),1.0,1.0,4288.0
642,Trajectory-Conditioned Answer Revision (TCAR),1.0,1.0,4156.0
1941,Trajectory-Conditioned Answer Revision (TCAR),1.0,1.0,4797.0
9612,Trajectory-Conditioned Answer Revision (TCAR),1.0,1.0,5388.0
1276,Trajectory-Conditioned Answer Revision (TCAR),0.0,0.0,4547.0
6111,Trajectory-Conditioned Answer Revision (TCAR),1.0,1.0,4781.0
1384,Trajectory-Conditioned Answer Revision (TCAR),1.0,1.0,5271.0
5302,Trajectory-Conditioned Answer Revision (TCAR),1.0,1.0,5609.0
3370,Trajectory-Conditioned Answer Revision (TCAR),1.0,1.0,5408.0
5092,Trajectory-Conditioned Answer Revision (TCAR),1.0,1.0,4710.0
8744,Trajectory-Conditioned Answer Revision (TCAR),1.0,1.0,4155.0
6798,Trajectory-Conditioned Answer Revision (TCAR),0.0,0.0,4361.0
609,Trajectory-Conditioned Answer Revision (TCAR),1.0,1.0,12036.0
8729,Trajectory-Conditioned Answer Revision (TCAR),1.0,1.0,6880.0
2990,Trajectory-Conditioned Answer Revision (TCAR),1.0,1.0,4331.0
1615,Trajectory-Conditioned Answer Revision (TCAR),1.0,1.0,4110.0
5378,Trajectory-Conditioned Answer Revision (TCAR),1.0,1.0,4475.0
4728,Trajectory-Conditioned Answer Revision (TCAR),0.0,0.0,10728.0
4373,majority_voting,0.0,0.0,6009.0
4411,majority_voting,1.0,1.0,8081.0
7752,majority_voting,1.0,1.0,28634.0
2078,majority_voting,0.0,0.0,6209.0
7777,majority_voting,1.0,1.0,5994.0
7398,majority_voting,1.0,1.0,6261.0
2021,majority_voting,1.0,1.0,9279.0
8755,majority_voting,0.0,0.0,25615.0
4242,majority_voting,0.0,0.0,16866.0
5880,majority_voting,0.0,0.0,15395.0
4795,majority_voting,1.0,1.0,13557.0
9500,majority_voting,1.0,1.0,6043.0
344,majority_voting,0.0,0.0,9711.0
2194,majority_voting,0.0,0.0,22706.0
3125,majority_voting,1.0,1.0,9422.0
7350,majority_voting,0.0,0.0,8624.0
4187,majority_voting,1.0,1.0,8030.0
1564,majority_voting,0.0,0.0,9106.0
8501,majority_voting,1.0,1.0,6102.0
7826,majority_voting,1.0,1.0,15688.0
2634,majority_voting,1.0,1.0,7455.0
6223,majority_voting,1.0,1.0,9253.0
2939,majority_voting,1.0,1.0,13511.0
7736,majority_voting,0.0,0.0,27313.0
6431,majority_voting,0.0,0.0,9385.0
8853,majority_voting,1.0,1.0,9654.0
8292,majority_voting,1.0,1.0,6161.0
4922,majority_voting,1.0,1.0,5642.0
9578,majority_voting,1.0,1.0,6292.0
6280,majority_voting,1.0,1.0,17360.0
5545,majority_voting,1.0,1.0,15773.0
8144,majority_voting,0.0,0.0,23305.0
9250,majority_voting,0.0,0.0,16259.0
2632,majority_voting,1.0,1.0,13522.0
1652,majority_voting,1.0,1.0,7493.0
234,majority_voting,0.0,0.0,13110.0
5535,majority_voting,1.0,1.0,8547.0
2432,majority_voting,1.0,1.0,10979.0
3854,majority_voting,1.0,1.0,6761.0
9696,majority_voting,1.0,1.0,9603.0
1950,majority_voting,0.0,0.0,9235.0
342,majority_voting,1.0,1.0,9170.0
6116,majority_voting,0.0,0.0,25278.0
6266,majority_voting,1.0,1.0,8212.0
6686,majority_voting,0.0,0.0,10274.0
4877,majority_voting,0.0,0.0,13603.0
705,majority_voting,1.0,1.0,6487.0
6245,majority_voting,1.0,1.0,6143.0
2278,majority_voting,0.0,0.0,8428.0
8642,majority_voting,0.0,0.0,19435.0
644,majority_voting,1.0,1.0,10892.0
2850,majority_voting,1.0,1.0,6083.0
5903,majority_voting,1.0,1.0,22145.0
150,majority_voting,0.0,0.0,8320.0
7976,majority_voting,1.0,1.0,24098.0
867,majority_voting,1.0,1.0,8743.0
6248,majority_voting,1.0,1.0,6194.0
8712,majority_voting,1.0,1.0,21042.0
4260,majority_voting,0.0,0.0,6171.0
4562,majority_voting,1.0,1.0,5953.0
441,majority_voting,1.0,1.0,9821.0
1019,majority_voting,1.0,1.0,5986.0
4950,majority_voting,1.0,1.0,7115.0
7521,majority_voting,1.0,1.0,12826.0
4312,majority_voting,1.0,1.0,6122.0
294,majority_voting,1.0,1.0,9498.0
1613,majority_voting,1.0,1.0,6142.0
5524,majority_voting,0.0,0.0,5963.0
9836,majority_voting,1.0,1.0,7058.0
7088,majority_voting,1.0,1.0,17627.0
1413,majority_voting,1.0,1.0,7229.0
6656,majority_voting,1.0,1.0,8764.0
9954,majority_voting,0.0,0.0,21584.0
9131,majority_voting,0.0,0.0,7260.0
5917,majority_voting,1.0,1.0,14198.0
6853,majority_voting,0.0,0.0,24123.0
7884,majority_voting,1.0,1.0,9757.0
1068,majority_voting,0.0,0.0,7367.0
470,majority_voting,0.0,0.0,11398.0
4007,majority_voting,1.0,1.0,6000.0
9761,majority_voting,0.0,0.0,6055.0
2114,majority_voting,1.0,1.0,6026.0
8199,majority_voting,1.0,1.0,13748.0
3905,majority_voting,1.0,1.0,26042.0
4218,majority_voting,1.0,1.0,6437.0
2019,majority_voting,1.0,1.0,9589.0
7525,majority_voting,1.0,1.0,15798.0
3148,majority_voting,0.0,0.0,21559.0
1924,majority_voting,0.0,0.0,6240.0
4921,majority_voting,1.0,1.0,6020.0
4410,majority_voting,1.0,1.0,8322.0
2778,majority_voting,1.0,1.0,8061.0
7732,majority_voting,1.0,1.0,7275.0
3121,majority_voting,1.0,1.0,5973.0
8565,majority_voting,0.0,0.0,6010.0
5516,majority_voting,0.0,0.0,6154.0
6857,majority_voting,0.0,0.0,5997.0
4508,majority_voting,1.0,1.0,5743.0
4025,majority_voting,1.0,1.0,5737.0
6521,majority_voting,0.0,0.0,6010.0
9396,majority_voting,1.0,1.0,7006.0
7968,majority_voting,1.0,1.0,15997.0
3,majority_voting,0.0,0.0,5921.0
1495,majority_voting,1.0,1.0,6053.0
7554,majority_voting,1.0,1.0,8285.0
8074,majority_voting,0.0,0.0,24845.0
2324,majority_voting,1.0,1.0,6033.0
2406,majority_voting,1.0,1.0,5865.0
699,majority_voting,0.0,0.0,16634.0
5805,majority_voting,1.0,1.0,26544.0
9070,majority_voting,1.0,1.0,6062.0
2168,majority_voting,0.0,0.0,31447.0
4086,majority_voting,1.0,1.0,7424.0
8586,majority_voting,0.0,0.0,15060.0
3675,majority_voting,1.0,1.0,14892.0
7916,majority_voting,1.0,1.0,6238.0
7103,majority_voting,1.0,1.0,6120.0
4079,majority_voting,0.0,0.0,7351.0
1857,majority_voting,1.0,1.0,5959.0
3351,majority_voting,0.0,0.0,14478.0
9800,majority_voting,0.0,0.0,23462.0
2693,majority_voting,1.0,1.0,17449.0
2119,majority_voting,0.0,0.0,6410.0
44,majority_voting,0.0,0.0,15113.0
4452,majority_voting,1.0,1.0,8148.0
9903,majority_voting,0.0,0.0,6078.0
2548,majority_voting,0.0,0.0,6465.0
8675,majority_voting,0.0,0.0,6106.0
7355,majority_voting,0.0,0.0,17972.0
4326,majority_voting,1.0,1.0,9112.0
3691,majority_voting,1.0,1.0,9800.0
3568,majority_voting,0.0,0.0,8799.0
762,majority_voting,1.0,1.0,6065.0
2492,majority_voting,0.0,0.0,22174.0
9445,majority_voting,1.0,1.0,9344.0
7187,majority_voting,0.0,0.0,15483.0
8129,majority_voting,1.0,1.0,8705.0
6454,majority_voting,1.0,1.0,5862.0
6886,majority_voting,1.0,1.0,7237.0
1023,majority_voting,0.0,0.0,14737.0
9981,majority_voting,1.0,1.0,6098.0
8921,majority_voting,0.0,0.0,6125.0
7674,majority_voting,1.0,1.0,9589.0
2073,majority_voting,0.0,0.0,28349.0
6466,majority_voting,0.0,0.0,6627.0
6455,majority_voting,0.0,0.0,26312.0
8956,majority_voting,0.0,0.0,7244.0
3445,majority_voting,1.0,1.0,6777.0
380,majority_voting,0.0,0.0,6376.0
3018,majority_voting,1.0,1.0,10966.0
5620,majority_voting,1.0,1.0,6947.0
9889,majority_voting,0.0,0.0,5992.0
5798,majority_voting,1.0,1.0,7436.0
6458,majority_voting,1.0,1.0,6078.0
9581,majority_voting,0.0,0.0,27020.0
4608,majority_voting,1.0,1.0,8325.0
225,majority_voting,1.0,1.0,5918.0
3655,majority_voting,0.0,0.0,15892.0
3831,majority_voting,1.0,1.0,5917.0
1205,majority_voting,1.0,1.0,6118.0
5373,majority_voting,0.0,0.0,19781.0
2350,majority_voting,1.0,1.0,7031.0
5728,majority_voting,0.0,0.0,7433.0
1994,majority_voting,0.0,0.0,6106.0
7409,majority_voting,0.0,0.0,8402.0
2657,majority_voting,1.0,1.0,6035.0
8960,majority_voting,1.0,1.0,9146.0
8632,majority_voting,1.0,1.0,6252.0
1789,majority_voting,1.0,1.0,9225.0
8370,majority_voting,1.0,1.0,5981.0
9965,majority_voting,0.0,0.0,18233.0
1065,majority_voting,1.0,1.0,20929.0
81,majority_voting,0.0,0.0,5941.0
3581,majority_voting,1.0,1.0,5991.0
4226,majority_voting,1.0,1.0,17776.0
9322,majority_voting,1.0,1.0,6348.0
8303,majority_voting,1.0,1.0,9716.0
6932,majority_voting,1.0,1.0,17638.0
9498,majority_voting,1.0,1.0,8926.0
5381,majority_voting,1.0,1.0,6025.0
4080,majority_voting,1.0,1.0,20106.0
9871,majority_voting,1.0,1.0,24134.0
2985,majority_voting,1.0,1.0,5765.0
5364,majority_voting,1.0,1.0,7279.0
120,majority_voting,1.0,1.0,6347.0
9141,majority_voting,0.0,0.0,10401.0
4324,majority_voting,0.0,0.0,7390.0
7309,majority_voting,1.0,1.0,5972.0
1527,majority_voting,1.0,1.0,6059.0
7706,majority_voting,1.0,1.0,6969.0
7453,majority_voting,1.0,1.0,7655.0
6544,majority_voting,1.0,1.0,12998.0
3255,majority_voting,1.0,1.0,12160.0
6047,majority_voting,1.0,1.0,25230.0
8422,majority_voting,1.0,1.0,6279.0
7587,majority_voting,1.0,1.0,8057.0
8275,majority_voting,0.0,0.0,7042.0
9923,majority_voting,1.0,1.0,8569.0
1419,majority_voting,0.0,0.0,5878.0
6066,majority_voting,1.0,1.0,7148.0
9359,majority_voting,0.0,0.0,6084.0
7169,majority_voting,1.0,1.0,5865.0
9109,majority_voting,1.0,1.0,8492.0
905,majority_voting,1.0,1.0,10606.0
4645,majority_voting,1.0,1.0,24425.0
430,majority_voting,1.0,1.0,6992.0
619,majority_voting,0.0,0.0,15872.0
285,majority_voting,1.0,1.0,8492.0
6739,majority_voting,0.0,0.0,5609.0
5493,majority_voting,1.0,1.0,8004.0
8766,majority_voting,1.0,1.0,9364.0
2667,majority_voting,0.0,0.0,15860.0
3750,majority_voting,0.0,0.0,11904.0
5960,majority_voting,1.0,1.0,6130.0
9634,majority_voting,0.0,0.0,21612.0
3667,majority_voting,1.0,1.0,6000.0
8684,majority_voting,0.0,0.0,21251.0
9428,majority_voting,0.0,0.0,5831.0
4805,majority_voting,0.0,0.0,8953.0
7858,majority_voting,1.0,1.0,7047.0
2745,majority_voting,1.0,1.0,5871.0
7236,majority_voting,1.0,1.0,20863.0
5536,majority_voting,0.0,0.0,14879.0
3546,majority_voting,1.0,1.0,6344.0
9454,majority_voting,0.0,0.0,6101.0
193,majority_voting,1.0,1.0,5805.0
4,majority_voting,1.0,1.0,5953.0
6617,majority_voting,0.0,0.0,22311.0
6348,majority_voting,1.0,1.0,6025.0
1399,majority_voting,1.0,1.0,11565.0
527,majority_voting,1.0,1.0,6069.0
5217,majority_voting,0.0,0.0,7916.0
8256,majority_voting,0.0,0.0,6189.0
8100,majority_voting,1.0,1.0,8652.0
8566,majority_voting,1.0,1.0,18162.0
7795,majority_voting,1.0,1.0,8749.0
2594,majority_voting,0.0,0.0,8100.0
9341,majority_voting,1.0,1.0,6074.0
5031,majority_voting,0.0,0.0,7561.0
2692,majority_voting,0.0,0.0,28960.0
9136,majority_voting,1.0,1.0,5991.0
1952,majority_voting,0.0,0.0,5827.0
9769,majority_voting,0.0,0.0,7230.0
4159,majority_voting,1.0,1.0,6030.0
7978,majority_voting,1.0,1.0,5860.0
7365,majority_voting,0.0,0.0,11657.0
6837,majority_voting,0.0,0.0,28619.0
693,majority_voting,0.0,0.0,20858.0
1412,majority_voting,1.0,1.0,7112.0
9337,majority_voting,1.0,1.0,10128.0
558,majority_voting,0.0,0.0,5961.0
5629,majority_voting,0.0,0.0,25673.0
1178,majority_voting,1.0,1.0,10925.0
3026,majority_voting,0.0,0.0,14906.0
5518,majority_voting,0.0,0.0,10721.0
1122,majority_voting,1.0,1.0,6043.0
1347,majority_voting,1.0,1.0,5969.0
8720,majority_voting,1.0,1.0,4847.0
3017,majority_voting,1.0,1.0,8247.0
913,majority_voting,0.0,0.0,17226.0
4832,majority_voting,0.0,0.0,7372.0
2570,majority_voting,1.0,1.0,7054.0
1680,majority_voting,1.0,1.0,17047.0
7539,majority_voting,1.0,1.0,6078.0
4328,majority_voting,0.0,0.0,5883.0
7847,majority_voting,0.0,0.0,5894.0
6579,majority_voting,0.0,0.0,6256.0
6331,majority_voting,1.0,1.0,7051.0
5922,majority_voting,0.0,0.0,23047.0
5352,majority_voting,0.0,0.0,6033.0
6447,majority_voting,1.0,1.0,10351.0
9767,majority_voting,1.0,1.0,17160.0
8806,majority_voting,1.0,1.0,11248.0
4027,majority_voting,1.0,1.0,5902.0
1720,majority_voting,1.0,1.0,22405.0
5025,majority_voting,0.0,0.0,7033.0
4062,majority_voting,0.0,0.0,5822.0
3764,majority_voting,0.0,0.0,30304.0
2729,majority_voting,1.0,1.0,6264.0
6165,majority_voting,1.0,1.0,5991.0
1404,majority_voting,1.0,1.0,8325.0
2623,majority_voting,1.0,1.0,6265.0
754,majority_voting,1.0,1.0,15239.0
825,majority_voting,0.0,0.0,10675.0
1738,majority_voting,1.0,1.0,5976.0
6224,majority_voting,1.0,1.0,10186.0
6535,majority_voting,1.0,1.0,12515.0
7832,majority_voting,1.0,1.0,6115.0
4754,majority_voting,1.0,1.0,6016.0
633,majority_voting,0.0,0.0,23201.0
3823,majority_voting,0.0,0.0,24910.0
6087,majority_voting,0.0,0.0,7196.0
4992,majority_voting,0.0,0.0,27279.0
8661,majority_voting,0.0,0.0,14912.0
5954,majority_voting,1.0,1.0,12281.0
927,majority_voting,1.0,1.0,10628.0
7288,majority_voting,0.0,0.0,7375.0
5166,majority_voting,0.0,0.0,15869.0
818,majority_voting,1.0,1.0,11591.0
9794,majority_voting,1.0,1.0,8045.0
8747,majority_voting,1.0,1.0,17490.0
7196,majority_voting,0.0,0.0,5982.0
9356,majority_voting,0.0,0.0,7375.0
546,majority_voting,0.0,0.0,12625.0
4091,majority_voting,1.0,1.0,6203.0
4384,majority_voting,1.0,1.0,7016.0
3254,majority_voting,1.0,1.0,6321.0
3053,majority_voting,1.0,1.0,23209.0
404,majority_voting,1.0,1.0,6758.0
6611,majority_voting,1.0,1.0,6012.0
8847,majority_voting,1.0,1.0,6210.0
2919,majority_voting,0.0,0.0,6538.0
1167,majority_voting,1.0,1.0,9802.0
8408,majority_voting,1.0,1.0,25562.0
5972,majority_voting,1.0,1.0,13511.0
6036,majority_voting,0.0,0.0,10834.0
5168,majority_voting,1.0,1.0,6301.0
9670,majority_voting,1.0,1.0,5788.0
5006,majority_voting,1.0,1.0,15724.0
4425,majority_voting,0.0,0.0,8119.0
2294,majority_voting,0.0,0.0,7144.0
6464,majority_voting,1.0,1.0,19260.0
8477,majority_voting,1.0,1.0,8189.0
5871,majority_voting,1.0,1.0,8216.0
232,majority_voting,1.0,1.0,15452.0
880,majority_voting,1.0,1.0,6482.0
9476,majority_voting,1.0,1.0,6277.0
7051,majority_voting,0.0,0.0,26993.0
5733,majority_voting,1.0,1.0,6467.0
9370,majority_voting,0.0,0.0,17100.0
8379,majority_voting,1.0,1.0,6538.0
9395,majority_voting,1.0,1.0,6262.0
2576,majority_voting,1.0,1.0,6094.0
3095,majority_voting,1.0,1.0,10823.0
3389,majority_voting,0.0,0.0,5810.0
5501,majority_voting,1.0,1.0,7407.0
7320,majority_voting,1.0,1.0,9766.0
9459,majority_voting,1.0,1.0,5951.0
9174,majority_voting,0.0,0.0,7149.0
6696,majority_voting,1.0,1.0,6546.0
273,majority_voting,1.0,1.0,6156.0
9536,majority_voting,1.0,1.0,20751.0
3550,majority_voting,1.0,1.0,6000.0
2161,majority_voting,0.0,0.0,6027.0
9989,majority_voting,1.0,1.0,7088.0
5555,majority_voting,1.0,1.0,5764.0
6747,majority_voting,0.0,0.0,5995.0
244,majority_voting,1.0,1.0,5663.0
9666,majority_voting,1.0,1.0,18284.0
6849,majority_voting,1.0,1.0,9149.0
5891,majority_voting,0.0,0.0,20880.0
4320,majority_voting,1.0,1.0,5870.0
3804,majority_voting,1.0,1.0,8310.0
5440,majority_voting,1.0,1.0,5892.0
6349,majority_voting,1.0,1.0,5832.0
3015,majority_voting,1.0,1.0,6100.0
6991,majority_voting,0.0,0.0,5959.0
6526,majority_voting,1.0,1.0,7019.0
16,majority_voting,1.0,1.0,5991.0
3306,majority_voting,0.0,0.0,16973.0
4885,majority_voting,1.0,1.0,5972.0
7083,majority_voting,1.0,1.0,20263.0
6971,majority_voting,0.0,0.0,7242.0
4923,majority_voting,1.0,1.0,5796.0
6829,majority_voting,1.0,1.0,6000.0
2186,majority_voting,0.0,0.0,6040.0
2107,majority_voting,0.0,0.0,24831.0
3266,majority_voting,1.0,1.0,9266.0
8571,majority_voting,1.0,1.0,5976.0
846,majority_voting,1.0,1.0,10595.0
7445,majority_voting,0.0,0.0,15685.0
7831,majority_voting,0.0,0.0,11109.0
8350,majority_voting,0.0,0.0,11092.0
5855,majority_voting,1.0,1.0,9498.0
8808,majority_voting,1.0,1.0,8430.0
7423,majority_voting,0.0,0.0,11176.0
9055,majority_voting,0.0,0.0,9865.0
3547,majority_voting,0.0,0.0,6421.0
9409,majority_voting,1.0,1.0,6175.0
7989,majority_voting,1.0,1.0,9617.0
41,majority_voting,1.0,1.0,5884.0
4728,majority_voting,0.0,0.0,8338.0
1594,majority_voting,0.0,0.0,5996.0
669,majority_voting,0.0,0.0,11554.0
3747,majority_voting,1.0,1.0,6036.0
446,majority_voting,0.0,0.0,8963.0
5030,majority_voting,1.0,1.0,5946.0
5161,majority_voting,0.0,0.0,6261.0
259,majority_voting,1.0,1.0,9264.0
2703,majority_voting,1.0,1.0,6773.0
8028,majority_voting,0.0,0.0,21820.0
857,majority_voting,1.0,1.0,5808.0
3604,majority_voting,1.0,1.0,9528.0
3968,majority_voting,1.0,1.0,6282.0
3069,majority_voting,1.0,1.0,13931.0
9503,majority_voting,0.0,0.0,5900.0
1208,majority_voting,1.0,1.0,8398.0
7091,majority_voting,1.0,1.0,13529.0
5552,majority_voting,0.0,0.0,13830.0
9120,majority_voting,0.0,0.0,14284.0
1746,majority_voting,1.0,1.0,15210.0
806,majority_voting,1.0,1.0,6458.0
226,majority_voting,0.0,0.0,5928.0
1552,majority_voting,1.0,1.0,6968.0
6753,majority_voting,0.0,0.0,6005.0
9529,majority_voting,0.0,0.0,22698.0
9202,majority_voting,1.0,1.0,25560.0
7840,majority_voting,1.0,1.0,5827.0
3284,majority_voting,0.0,0.0,12684.0
5579,majority_voting,1.0,1.0,10035.0
5971,majority_voting,1.0,1.0,9600.0
1354,majority_voting,1.0,1.0,6121.0
5816,majority_voting,1.0,1.0,29440.0
7649,majority_voting,0.0,0.0,8297.0
2146,majority_voting,1.0,1.0,6121.0
7842,majority_voting,1.0,1.0,8792.0
906,majority_voting,1.0,1.0,9446.0
4974,majority_voting,1.0,1.0,7670.0
394,majority_voting,0.0,0.0,8007.0
1092,majority_voting,0.0,0.0,13759.0
3169,majority_voting,1.0,1.0,8406.0
1589,majority_voting,1.0,1.0,7276.0
7899,majority_voting,0.0,0.0,5974.0
3603,majority_voting,0.0,0.0,6522.0
6996,majority_voting,1.0,1.0,5979.0
8123,majority_voting,1.0,1.0,5863.0
3817,majority_voting,1.0,1.0,5806.0
5277,majority_voting,1.0,1.0,6482.0
1098,majority_voting,1.0,1.0,5996.0
4369,majority_voting,0.0,0.0,27726.0
1402,majority_voting,1.0,1.0,11089.0
2464,majority_voting,0.0,0.0,21561.0
5090,majority_voting,1.0,1.0,6033.0
8952,majority_voting,1.0,1.0,9414.0
6031,majority_voting,1.0,1.0,7264.0
7440,majority_voting,0.0,0.0,5871.0
7717,majority_voting,1.0,1.0,5992.0
5042,majority_voting,0.0,0.0,30353.0
8075,majority_voting,1.0,1.0,9233.0
1330,majority_voting,1.0,1.0,6154.0
5762,majority_voting,1.0,1.0,9238.0
7069,majority_voting,1.0,1.0,9313.0
2577,majority_voting,1.0,1.0,7328.0
7030,majority_voting,1.0,1.0,5855.0
5163,majority_voting,1.0,1.0,13285.0
4144,majority_voting,1.0,1.0,12392.0
9172,majority_voting,1.0,1.0,8553.0
3641,majority_voting,0.0,0.0,8112.0
292,majority_voting,1.0,1.0,6033.0
9768,majority_voting,0.0,0.0,6163.0
1765,majority_voting,1.0,1.0,6383.0
1726,majority_voting,0.0,0.0,21710.0
7382,majority_voting,1.0,1.0,16079.0
1887,majority_voting,1.0,1.0,7364.0
3047,majority_voting,0.0,0.0,5658.0
1936,majority_voting,1.0,1.0,6147.0
3898,majority_voting,1.0,1.0,9429.0
4221,majority_voting,1.0,1.0,7162.0
7822,majority_voting,1.0,1.0,22970.0
5229,majority_voting,1.0,1.0,6376.0
7564,majority_voting,0.0,0.0,26732.0
4993,majority_voting,0.0,0.0,15225.0
1783,majority_voting,1.0,1.0,6223.0
9724,majority_voting,1.0,1.0,10246.0
8772,majority_voting,1.0,1.0,7246.0
3020,majority_voting,0.0,0.0,9452.0
2925,majority_voting,0.0,0.0,6343.0
4125,majority_voting,1.0,1.0,7284.0
8289,majority_voting,1.0,1.0,17319.0
6406,majority_voting,1.0,1.0,6267.0
1139,majority_voting,1.0,1.0,7450.0
4210,majority_voting,1.0,1.0,6221.0
227,majority_voting,0.0,0.0,6091.0
1012,majority_voting,1.0,1.0,6049.0
2639,majority_voting,1.0,1.0,7213.0
8930,majority_voting,1.0,1.0,7680.0
7336,majority_voting,0.0,0.0,5921.0
4790,majority_voting,0.0,0.0,25849.0
6638,majority_voting,1.0,1.0,6068.0
1575,majority_voting,0.0,0.0,6116.0
5343,majority_voting,1.0,1.0,12113.0
2690,majority_voting,1.0,1.0,9017.0
7428,majority_voting,1.0,1.0,6180.0
642,majority_voting,1.0,1.0,13369.0
1941,majority_voting,0.0,0.0,6743.0
9612,majority_voting,1.0,1.0,9260.0
1276,majority_voting,0.0,0.0,8896.0
6111,majority_voting,1.0,1.0,6769.0
1384,majority_voting,1.0,1.0,9189.0
5302,majority_voting,1.0,1.0,10981.0
3370,majority_voting,1.0,1.0,8226.0
5092,majority_voting,1.0,1.0,6122.0
8744,majority_voting,1.0,1.0,5969.0
6798,majority_voting,1.0,1.0,6157.0
609,majority_voting,0.0,0.0,16480.0
8729,majority_voting,1.0,1.0,13239.0
2990,majority_voting,1.0,1.0,8456.0
1615,majority_voting,1.0,1.0,8139.0
5378,majority_voting,1.0,1.0,8912.0
4099,majority_voting,1.0,1.0,26481.0
4373,prog_CA_pruning,0.0,0.0,2219.0
4411,prog_CA_pruning,1.0,1.0,3793.0
7752,prog_CA_pruning,1.0,1.0,4990.0
2078,prog_CA_pruning,1.0,1.0,3697.0
7777,prog_CA_pruning,1.0,1.0,2201.0
7398,prog_CA_pruning,1.0,1.0,5234.0
2021,prog_CA_pruning,1.0,1.0,2214.0
8755,prog_CA_pruning,0.0,0.0,3872.0
4242,prog_CA_pruning,0.0,0.0,5081.0
5880,prog_CA_pruning,0.0,0.0,5819.0
4373,react,0.0,0.0,2002.0
4411,react,1.0,1.0,2143.0
7752,react,1.0,1.0,10774.0
2078,react,0.0,0.0,2068.0
7777,react,1.0,1.0,1981.0
7398,react,1.0,1.0,2059.0
2021,react,1.0,1.0,3058.0
8755,react,0.0,0.0,7917.0
4242,react,0.0,0.0,3130.0
5880,react,1.0,1.0,6051.0
4795,react,1.0,1.0,2077.0
9500,react,1.0,1.0,2007.0
344,react,0.0,0.0,3059.0
2194,react,0.0,0.0,9448.0
3125,react,1.0,1.0,3168.0
7350,react,0.0,0.0,2067.0
4187,react,1.0,1.0,1936.0
1564,react,1.0,1.0,3014.0
8501,react,1.0,1.0,2028.0
7826,react,1.0,1.0,5966.0
2634,react,1.0,1.0,2091.0
6223,react,1.0,1.0,2154.0
2939,react,1.0,1.0,5800.0
7736,react,0.0,0.0,6495.0
6431,react,0.0,0.0,3116.0
8853,react,1.0,1.0,3232.0
8292,react,1.0,1.0,2050.0
4922,react,1.0,1.0,3052.0
9578,react,1.0,1.0,2080.0
6280,react,1.0,1.0,6113.0
5545,react,0.0,0.0,3294.0
8144,react,0.0,0.0,2011.0
9250,react,0.0,0.0,7202.0
2632,react,1.0,1.0,2028.0
1652,react,1.0,1.0,3232.0
234,react,0.0,0.0,4390.0
5535,react,1.0,1.0,2046.0
2432,react,0.0,0.0,7596.0
3854,react,1.0,1.0,2250.0
9696,react,1.0,1.0,3213.0
1950,react,0.0,0.0,2053.0
342,react,1.0,1.0,3029.0
6116,react,0.0,0.0,7567.0
6266,react,1.0,1.0,3068.0
6686,react,0.0,0.0,4189.0
4877,react,0.0,0.0,6861.0
705,react,1.0,1.0,2154.0
6245,react,1.0,1.0,2046.0
2278,react,0.0,0.0,3202.0
8642,react,1.0,1.0,1941.0
644,react,0.0,0.0,5867.0
2850,react,1.0,1.0,2020.0
5903,react,0.0,0.0,9441.0
150,react,0.0,0.0,2064.0
7976,react,0.0,0.0,4614.0
867,react,1.0,1.0,5642.0
6248,react,1.0,1.0,2069.0
8712,react,1.0,1.0,1991.0
4260,react,0.0,0.0,2055.0
4562,react,1.0,1.0,1977.0
441,react,1.0,1.0,3247.0
1019,react,1.0,1.0,2002.0
4950,react,1.0,1.0,2012.0
7521,react,1.0,1.0,2041.0
4312,react,1.0,1.0,2042.0
294,react,1.0,1.0,2007.0
1613,react,1.0,1.0,2040.0
5524,react,0.0,0.0,1979.0
9836,react,1.0,1.0,1983.0
7088,react,1.0,1.0,2074.0
1413,react,1.0,1.0,2053.0
6656,react,1.0,1.0,3226.0
9954,react,0.0,0.0,9534.0
9131,react,0.0,0.0,3176.0
5917,react,1.0,1.0,5952.0
6853,react,0.0,0.0,6738.0
7884,react,1.0,1.0,1893.0
1068,react,0.0,0.0,2032.0
470,react,0.0,0.0,3369.0
4007,react,1.0,1.0,2020.0
9761,react,0.0,0.0,2030.0
2114,react,1.0,1.0,2007.0
8199,react,1.0,1.0,3273.0
3905,react,1.0,1.0,8983.0
4218,react,1.0,1.0,2170.0
2019,react,1.0,1.0,2115.0
7525,react,1.0,1.0,4827.0
3148,react,0.0,0.0,9541.0
1924,react,0.0,0.0,2066.0
4921,react,1.0,1.0,2007.0
4410,react,1.0,1.0,3191.0
2778,react,1.0,1.0,1936.0
7732,react,1.0,1.0,2049.0
3121,react,1.0,1.0,1996.0
8565,react,0.0,0.0,2006.0
5516,react,0.0,0.0,2054.0
6857,react,0.0,0.0,2004.0
4508,react,1.0,1.0,1904.0
4025,react,1.0,1.0,1904.0
6521,react,0.0,0.0,2030.0
9396,react,1.0,1.0,1986.0
7968,react,0.0,0.0,6474.0
3,react,0.0,0.0,1980.0
1495,react,0.0,0.0,6353.0
7554,react,1.0,1.0,2029.0
8074,react,0.0,0.0,10488.0
2324,react,1.0,1.0,1995.0
2406,react,1.0,1.0,1954.0
699,react,0.0,0.0,4559.0
5805,react,0.0,0.0,9252.0
9070,react,1.0,1.0,2025.0
2168,react,1.0,1.0,3597.0
4086,react,1.0,1.0,2109.0
8586,react,0.0,0.0,7530.0
3675,react,1.0,1.0,4318.0
7916,react,1.0,1.0,2094.0
7103,react,1.0,1.0,2029.0
4079,react,0.0,0.0,2018.0
1857,react,1.0,1.0,1992.0
3351,react,0.0,0.0,6002.0
9800,react,0.0,0.0,10618.0
2693,react,1.0,1.0,3159.0
2119,react,0.0,0.0,2136.0
44,react,1.0,1.0,6448.0
4452,react,1.0,1.0,2030.0
9903,react,0.0,0.0,2021.0
2548,react,0.0,0.0,2150.0
8675,react,0.0,0.0,2038.0
7355,react,1.0,1.0,2073.0
4326,react,1.0,1.0,3018.0
3691,react,1.0,1.0,1982.0
3568,react,0.0,0.0,2023.0
762,react,1.0,1.0,2017.0
2492,react,0.0,0.0,3411.0
9445,react,1.0,1.0,3067.0
7187,react,0.0,0.0,5942.0
8129,react,1.0,1.0,2067.0
6454,react,1.0,1.0,1975.0
6886,react,1.0,1.0,2042.0
1023,react,0.0,0.0,4933.0
9981,react,1.0,1.0,2009.0
8921,react,1.0,1.0,2058.0
7674,react,1.0,1.0,3164.0
2073,react,0.0,0.0,8947.0
6466,react,0.0,0.0,2185.0
6455,react,1.0,1.0,6232.0
8956,react,0.0,0.0,1990.0
3445,react,1.0,1.0,2263.0
380,react,0.0,0.0,2120.0
3018,react,1.0,1.0,2071.0
5620,react,1.0,1.0,3202.0
9889,react,0.0,0.0,2005.0
5798,react,1.0,1.0,2113.0
6458,react,1.0,1.0,1973.0
9581,react,0.0,0.0,9810.0
4608,react,1.0,1.0,3166.0
225,react,1.0,1.0,1973.0
3655,react,0.0,0.0,5771.0
3831,react,1.0,1.0,1971.0
1205,react,1.0,1.0,2037.0
5373,react,0.0,0.0,8188.0
2350,react,1.0,1.0,3041.0
5728,react,0.0,0.0,1997.0
1994,react,0.0,0.0,2020.0
7409,react,0.0,0.0,1965.0
2657,react,1.0,1.0,1982.0
8960,react,1.0,1.0,3079.0
8632,react,1.0,1.0,2085.0
1789,react,1.0,1.0,3092.0
8370,react,1.0,1.0,2004.0
9965,react,0.0,0.0,5162.0
1065,react,1.0,1.0,3287.0
81,react,0.0,0.0,2025.0
3581,react,1.0,1.0,2003.0
4226,react,1.0,1.0,8113.0
9322,react,1.0,1.0,2090.0
8303,react,1.0,1.0,5926.0
6932,react,0.0,0.0,2060.0
9498,react,1.0,1.0,1854.0
5381,react,1.0,1.0,2019.0
4080,react,1.0,1.0,1949.0
9871,react,1.0,1.0,9740.0
2985,react,1.0,1.0,1926.0
5364,react,1.0,1.0,2076.0
120,react,1.0,1.0,2115.0
9141,react,1.0,1.0,1969.0
4324,react,0.0,0.0,3254.0
7309,react,1.0,1.0,1974.0
1527,react,1.0,1.0,3158.0
7706,react,1.0,1.0,2321.0
7453,react,1.0,1.0,3305.0
6544,react,1.0,1.0,2063.0
3255,react,1.0,1.0,9419.0
6047,react,1.0,1.0,2093.0
8422,react,1.0,1.0,2111.0
7587,react,1.0,1.0,3054.0
8275,react,0.0,0.0,1869.0
9923,react,1.0,1.0,2119.0
1419,react,0.0,0.0,1960.0
6066,react,1.0,1.0,2004.0
9359,react,0.0,0.0,2044.0
7169,react,1.0,1.0,1955.0
9109,react,1.0,1.0,3141.0
905,react,1.0,1.0,4360.0
4645,react,1.0,1.0,9269.0
430,react,1.0,1.0,3056.0
619,react,0.0,0.0,3175.0
285,react,1.0,1.0,1975.0
6739,react,1.0,1.0,4386.0
5493,react,1.0,1.0,1978.0
8766,react,1.0,1.0,2127.0
2667,react,0.0,0.0,2109.0
3750,react,0.0,0.0,2011.0
5960,react,1.0,1.0,2033.0
9634,react,0.0,0.0,7630.0
3667,react,1.0,1.0,2004.0
8684,react,0.0,0.0,9718.0
9428,react,0.0,0.0,1942.0
4805,react,0.0,0.0,2159.0
7858,react,1.0,1.0,3044.0
2745,react,1.0,1.0,1945.0
7236,react,0.0,0.0,10747.0
5536,react,0.0,0.0,3696.0
3546,react,1.0,1.0,2110.0
9454,react,0.0,0.0,2032.0
193,react,1.0,1.0,3036.0
4,react,1.0,1.0,1984.0
6617,react,0.0,0.0,4661.0
6348,react,1.0,1.0,2014.0
1399,react,1.0,1.0,3094.0
527,react,1.0,1.0,2043.0
5217,react,0.0,0.0,2131.0
8256,react,0.0,0.0,2056.0
8100,react,1.0,1.0,2138.0
8566,react,1.0,1.0,8903.0
7795,react,1.0,1.0,2022.0
2594,react,1.0,1.0,3099.0
9341,react,1.0,1.0,2017.0
5031,react,0.0,0.0,2129.0
2692,react,0.0,0.0,7878.0
9136,react,1.0,1.0,2005.0
1952,react,0.0,0.0,1941.0
9769,react,0.0,0.0,3189.0
4159,react,1.0,1.0,2010.0
7978,react,1.0,1.0,1957.0
7365,react,0.0,0.0,1968.0
6837,react,0.0,0.0,10237.0
693,react,0.0,0.0,4787.0
1412,react,1.0,1.0,2016.0
9337,react,1.0,1.0,3368.0
558,react,0.0,0.0,1984.0
5629,react,0.0,0.0,4329.0
1178,react,1.0,1.0,2454.0
3026,react,0.0,0.0,5694.0
5518,react,0.0,0.0,2138.0
1122,react,1.0,1.0,2018.0
1347,react,1.0,1.0,1986.0
8720,react,1.0,1.0,904.0
3017,react,1.0,1.0,2022.0
913,react,0.0,0.0,4460.0
4832,react,0.0,0.0,3168.0
2570,react,1.0,1.0,1977.0
1680,react,1.0,1.0,4618.0
7539,react,1.0,1.0,2041.0
4328,react,0.0,0.0,1961.0
7847,react,0.0,0.0,1963.0
6579,react,1.0,1.0,3074.0
6331,react,1.0,1.0,1953.0
5922,react,0.0,0.0,9866.0
5352,react,0.0,0.0,2002.0
6447,react,1.0,1.0,3025.0
9767,react,1.0,1.0,3344.0
8806,react,1.0,1.0,3343.0
4027,react,1.0,1.0,1969.0
1720,react,0.0,0.0,6002.0
5025,react,0.0,0.0,3081.0
4062,react,0.0,0.0,1942.0
3764,react,0.0,0.0,9218.0
2729,react,1.0,1.0,2084.0
6165,react,1.0,1.0,1985.0
1404,react,1.0,1.0,3135.0
2623,react,1.0,1.0,2086.0
4099,react,1.0,1.0,10030.0
754,react,1.0,1.0,10666.0
825,react,0.0,0.0,4311.0
1738,react,1.0,1.0,1996.0
6224,react,1.0,1.0,3378.0
6535,react,1.0,1.0,4607.0
7832,react,1.0,1.0,2042.0
4754,react,1.0,1.0,2005.0
633,react,0.0,0.0,7546.0
3823,react,1.0,1.0,8564.0
6087,react,1.0,1.0,2018.0
4992,react,1.0,1.0,9342.0
8661,react,0.0,0.0,2045.0
5954,react,1.0,1.0,2060.0
927,react,1.0,1.0,4414.0
7288,react,0.0,0.0,2070.0
5166,react,0.0,0.0,6133.0
818,react,1.0,1.0,3024.0
9794,react,1.0,1.0,1974.0
8747,react,1.0,1.0,4719.0
7196,react,0.0,0.0,1993.0
9356,react,0.0,0.0,2401.0
546,react,1.0,1.0,6039.0
4091,react,1.0,1.0,2056.0
4384,react,1.0,1.0,1977.0
3254,react,1.0,1.0,2116.0
3053,react,1.0,1.0,4521.0
404,react,1.0,1.0,1896.0
6611,react,1.0,1.0,2004.0
8847,react,1.0,1.0,2068.0
2919,react,0.0,0.0,2181.0
1167,react,1.0,1.0,3236.0
8408,react,0.0,0.0,9845.0
5972,react,0.0,0.0,7704.0
6036,react,0.0,0.0,2017.0
5168,react,1.0,1.0,2117.0
9670,react,1.0,1.0,1931.0
5006,react,1.0,1.0,4469.0
4425,react,0.0,0.0,3117.0
2294,react,0.0,0.0,2097.0
6464,react,0.0,0.0,8820.0
8477,react,1.0,1.0,3104.0
5871,react,1.0,1.0,1956.0
232,react,1.0,1.0,3216.0
880,react,1.0,1.0,2127.0
9476,react,1.0,1.0,2085.0
7051,react,0.0,0.0,7013.0
5733,react,1.0,1.0,3542.0
9370,react,0.0,0.0,3284.0
8379,react,1.0,1.0,2191.0
9395,react,1.0,1.0,2089.0
2576,react,1.0,1.0,2033.0
3095,react,1.0,1.0,3860.0
3389,react,0.0,0.0,1935.0
5501,react,1.0,1.0,2102.0
7320,react,1.0,1.0,2097.0
9459,react,1.0,1.0,1990.0
9174,react,0.0,0.0,3262.0
6696,react,1.0,1.0,2191.0
273,react,1.0,1.0,2058.0
9536,react,1.0,1.0,9244.0
3550,react,1.0,1.0,2003.0
2161,react,0.0,0.0,6493.0
9989,react,1.0,1.0,2016.0
5555,react,1.0,1.0,1912.0
6747,react,0.0,0.0,2035.0
244,react,1.0,1.0,1887.0
9666,react,1.0,1.0,2083.0
6849,react,1.0,1.0,3003.0
5891,react,0.0,0.0,4644.0
4320,react,1.0,1.0,1956.0
3804,react,1.0,1.0,4899.0
5440,react,1.0,1.0,1963.0
6349,react,1.0,1.0,1939.0
3015,react,1.0,1.0,2019.0
6991,react,0.0,0.0,1983.0
6526,react,1.0,1.0,3080.0
16,react,1.0,1.0,1989.0
3306,react,1.0,1.0,3112.0
4885,react,1.0,1.0,1992.0
7083,react,0.0,0.0,4608.0
6971,react,0.0,0.0,2016.0
4923,react,1.0,1.0,1934.0
6829,react,1.0,1.0,2004.0
2186,react,0.0,0.0,2015.0
2107,react,1.0,1.0,5973.0
3266,react,1.0,1.0,3018.0
8571,react,1.0,1.0,1996.0
846,react,0.0,0.0,10066.0
7445,react,0.0,0.0,11434.0
7831,react,0.0,0.0,4924.0
8350,react,0.0,0.0,2104.0
5855,react,1.0,1.0,3200.0
8808,react,1.0,1.0,3056.0
7423,react,0.0,0.0,10073.0
9055,react,0.0,0.0,3077.0
3547,react,0.0,0.0,2141.0
9409,react,1.0,1.0,2054.0
7989,react,1.0,1.0,3206.0
41,react,1.0,1.0,1959.0
4728,react,0.0,0.0,4587.0
1594,react,1.0,1.0,1996.0
669,react,0.0,0.0,2024.0
3747,react,1.0,1.0,2070.0
446,react,0.0,0.0,3412.0
5030,react,1.0,1.0,1977.0
5161,react,0.0,0.0,2071.0
259,react,1.0,1.0,3147.0
2703,react,1.0,1.0,1916.0
8028,react,0.0,0.0,9555.0
857,react,1.0,1.0,1959.0
3604,react,1.0,1.0,3179.0
3968,react,1.0,1.0,2104.0
3069,react,1.0,1.0,9760.0
9503,react,0.0,0.0,1940.0
1208,react,1.0,1.0,2069.0
7091,react,1.0,1.0,3067.0
5552,react,0.0,0.0,3080.0
9120,react,0.0,0.0,3216.0
1746,react,1.0,1.0,3170.0
806,react,1.0,1.0,2129.0
226,react,0.0,0.0,1991.0
1552,react,1.0,1.0,1951.0
6753,react,0.0,0.0,2003.0
9529,react,0.0,0.0,9157.0
9202,react,0.0,0.0,10209.0
7840,react,1.0,1.0,1944.0
3284,react,0.0,0.0,2016.0
5579,react,1.0,1.0,3328.0
5971,react,0.0,0.0,9556.0
1354,react,1.0,1.0,2040.0
5816,react,1.0,1.0,9440.0
7649,react,0.0,0.0,2052.0
2146,react,1.0,1.0,2019.0
7842,react,1.0,1.0,2530.0
906,react,1.0,1.0,2084.0
4974,react,1.0,1.0,2197.0
394,react,0.0,0.0,2149.0
1092,react,0.0,0.0,3123.0
3169,react,1.0,1.0,2344.0
1589,react,0.0,0.0,1958.0
7899,react,0.0,0.0,1981.0
3603,react,0.0,0.0,2230.0
6996,react,1.0,1.0,1976.0
8123,react,1.0,1.0,1959.0
3817,react,1.0,1.0,1933.0
5277,react,1.0,1.0,2142.0
1098,react,1.0,1.0,1995.0
4369,react,0.0,0.0,8853.0
1402,react,1.0,1.0,3184.0
2464,react,0.0,0.0,3335.0
5090,react,1.0,1.0,2017.0
8952,react,1.0,1.0,3125.0
6031,react,1.0,1.0,1990.0
7440,react,0.0,0.0,1959.0
7717,react,1.0,1.0,1982.0
5042,react,0.0,0.0,2013.0
8075,react,1.0,1.0,3070.0
1330,react,1.0,1.0,2050.0
5762,react,1.0,1.0,3068.0
7069,react,1.0,1.0,9653.0
2577,react,1.0,1.0,2079.0
7030,react,1.0,1.0,1956.0
5163,react,0.0,0.0,4853.0
4144,react,1.0,1.0,3122.0
9172,react,1.0,1.0,2072.0
3641,react,0.0,0.0,3116.0
292,react,1.0,1.0,2021.0
9768,react,0.0,0.0,2056.0
1765,react,1.0,1.0,2133.0
1726,react,0.0,0.0,9142.0
7382,react,1.0,1.0,4845.0
1887,react,1.0,1.0,2074.0
3047,react,0.0,0.0,888.0
1936,react,0.0,0.0,2059.0
3898,react,1.0,1.0,3164.0
4221,react,1.0,1.0,2057.0
7822,react,0.0,0.0,5883.0
5229,react,1.0,1.0,2141.0
7564,react,0.0,0.0,9003.0
4993,react,0.0,0.0,3159.0
1783,react,1.0,1.0,2059.0
9724,react,1.0,1.0,1962.0
8772,react,1.0,1.0,2055.0
3020,react,0.0,0.0,3135.0
2925,react,0.0,0.0,2074.0
4125,react,1.0,1.0,2034.0
8289,react,1.0,1.0,9074.0
6406,react,1.0,1.0,2063.0
1139,react,1.0,1.0,2100.0
4210,react,1.0,1.0,2071.0
227,react,0.0,0.0,2083.0
1012,react,1.0,1.0,1974.0
2639,react,1.0,1.0,2407.0
8930,react,0.0,0.0,3203.0
7336,react,0.0,0.0,1968.0
4790,react,0.0,0.0,3083.0
6638,react,1.0,1.0,2023.0
1575,react,0.0,0.0,2039.0
5343,react,1.0,1.0,3075.0
2690,react,0.0,0.0,4884.0
7428,react,1.0,1.0,2056.0
642,react,1.0,1.0,1965.0
1941,react,0.0,0.0,2257.0
9612,react,1.0,1.0,3101.0
1276,react,0.0,0.0,2163.0
6111,react,1.0,1.0,2261.0
1384,react,1.0,1.0,3051.0
5302,react,1.0,1.0,3195.0
3370,react,1.0,1.0,3121.0
5092,react,1.0,1.0,2036.0
8744,react,1.0,1.0,1992.0
6798,react,1.0,1.0,2040.0
609,react,1.0,1.0,9382.0
8729,react,0.0,0.0,4424.0
2990,react,1.0,1.0,2062.0
1615,react,1.0,1.0,1970.0
5378,react,1.0,1.0,2137.0
